,Season,Latitude,Longitude,Postal Code,community_area_number
0,2017-2018,41.9685,-87.72876,60630,14.0
1,2015-2016,41.981429,-87.668555,60640,76.0
2,2015-2016,41.8845429,-87.6278027,60601,38.0
3,2015-2016,41.844304799999996,-87.7077192,60623,32.0
4,2016-2017,41.9683,-87.73808570000001,60630,14.0
5,2015-2016,41.7378276,-87.6048752,60619,40.0
6,2018-2019,41.8554,-87.66581,60608,33.0
7,2015-2016,41.706799,-87.620699,60628,45.0
8,2016-2017,41.90333,-87.68772,60622,25.0
9,2016-2017,41.881494,-87.686759,60612,29.0
10,2015-2016,41.959959000000005,-87.766729,60634,15.0
11,2017-2018,41.958259999999996,-87.787,60634,17.0
12,2018-2019,41.8806,-87.62576,60603,38.0
13,2016-2017,41.899966,-87.62833,60610,37.0
14,2018-2019,41.96094,-87.71236,60618,16.0
15,2017-2018,41.8029,-87.6068,60615,4.0
16,2017-2018,41.83078,-87.62340999999999,60653,1.0
17,2016-2017,41.97654,-87.65938,60640,76.0
18,2015-2016,41.6925,-87.6183,60628,45.0
19,2017-2018,41.98272,-87.65961,60640,76.0
20,2016-2017,41.8595,-87.690849,60608,30.0
21,2015-2016,41.751298999999996,-87.575499,60649,42.0
22,2018-2019,41.97506,-87.80648000000001,60656,36.0
23,2015-2016,41.9308,-87.7094709,60647,23.0
24,2017-2018,41.9454,-87.7754,60634,15.0
25,2015-2016,41.7987,-87.743095,60638,53.0
26,2015-2016,41.7955471,-87.58803370000001,60615,8.0
27,2017-2018,41.9175,-87.7056,60647,23.0
28,2018-2019,41.81346,-87.70467,60632,55.0
29,2015-2016,41.9582585,-87.787,60634,17.0
30,2018-2019,41.7046,-87.5353,60617,49.0
31,2016-2017,41.7987,-87.743095,60638,53.0
32,2017-2018,41.93153,-87.72703,60647,23.0
33,2016-2017,41.896656899999996,-87.6240688,60611,37.0
34,2018-2019,41.94106,-87.72754,60641,16.0
35,2017-2018,41.73715,-87.58436999999999,60617,41.0
36,2017-2018,41.7564,-87.7222,60652,63.0
37,2017-2018,41.90945,-87.73597,60639,24.0
38,2015-2016,41.924299,-87.639499,60614,68.0
39,2018-2019,42.0164,-87.6758,60626,10.0
40,2017-2018,41.8079,-87.6847,60609,55.0
41,2017-2018,41.889990000000004,-87.62443,60611,37.0
42,2016-2017,41.757226,-87.586265,60649,39.0
43,2015-2016,41.8085682,-87.6461542,60609,59.0
44,2018-2019,41.7069,-87.67003000000001,60643,71.0
45,2016-2017,41.852099,-87.674099,60608,33.0
46,2016-2017,41.9536669,-87.70746240000001,60618,16.0
47,2018-2019,41.8803,-87.6467,60661,29.0
48,2018-2019,41.89444,-87.61749,60611,37.0
49,2015-2016,41.9178116,-87.6884002,60647,23.0
50,2015-2016,41.802899,-87.606799,60615,4.0
51,2017-2018,41.858540000000005,-87.66024,60608,33.0
52,2016-2017,41.807598999999996,-87.723299,60632,54.0
53,2015-2016,41.883181,-87.62453719999999,60602,38.0
54,2018-2019,41.80852,-87.69325,60632,55.0
55,2016-2017,41.8806,-87.62576,60603,38.0
56,2017-2018,41.9482,-87.66363,60613,57.0
57,2018-2019,41.9973,-87.70062,60659,20.0
58,2018-2019,41.93959,-87.72519,60618,22.0
59,2017-2018,41.94106,-87.72754,60641,16.0
60,2016-2017,41.705411,-87.72027800000001,60655,73.0
61,2017-2018,41.89018,-87.63728,60654,37.0
62,2016-2017,41.793274600000004,-87.7276641,60632,60.0
63,2017-2018,41.9847,-87.8227,60631,36.0
64,2016-2017,41.92024620000001,-87.7611,60639,19.0
65,2018-2019,41.89632,-87.6369,60654,37.0
66,2016-2017,41.925299,-87.666399,60614,68.0
67,2018-2019,41.9244,-87.76652,60639,19.0
68,2016-2017,41.9873,-87.7026,60659,20.0
69,2015-2016,41.807899,-87.684699,60609,55.0
70,2016-2017,41.93853,-87.78574,60634,17.0
71,2018-2019,41.9104,-87.69598,60647,25.0
72,2015-2016,41.878127500000005,-87.63709140000002,60606,38.0
73,2017-2018,41.75036,-87.6819,60652,69.0
74,2017-2018,41.968999999999994,-87.67948,60625,6.0
75,2018-2019,41.9397,-87.6888,60618,46.0
76,2017-2018,41.73653,-87.66343,60620,70.0
77,2017-2018,41.95342,-87.72806,60641,16.0
78,2018-2019,41.87962,-87.63993,60606,29.0
79,2017-2018,41.72077,-87.66351,60643,71.0
80,2016-2017,41.8797193,-87.6246208,60603,38.0
81,2016-2017,41.866799,-87.639599,60607,29.0
82,2017-2018,41.9169,-87.7323,60639,21.0
83,2016-2017,41.9555,-87.67925,60618,46.0
84,2016-2017,41.88063820000001,-87.7555278,60644,26.0
85,2016-2017,41.736528,-87.66342809999999,60620,70.0
86,2015-2016,41.984633,-87.791646,60631,36.0
87,2015-2016,41.9683,-87.73808570000001,60630,14.0
88,2015-2016,41.9750638,-87.8064809,60656,36.0
89,2017-2018,41.737829999999995,-87.60488000000001,60619,40.0
90,2017-2018,41.721579999999996,-87.61493,60619,45.0
91,2018-2019,41.79555,-87.58803,60615,8.0
92,2015-2016,41.830780600000004,-87.6234139,60653,1.0
93,2016-2017,41.911404,-87.6344718,60614,68.0
94,2016-2017,41.91812,-87.63917,60614,68.0
95,2018-2019,41.8521,-87.6741,60608,33.0
96,2017-2018,41.9458,-87.7667,60634,15.0
97,2015-2016,41.7662,-87.5687,60649,39.0
98,2018-2019,41.87941,-87.63401999999999,60606,38.0
99,2015-2016,41.910399,-87.68889899999999,60647,25.0
100,2018-2019,42.01533,-87.6683,60626,10.0
101,2016-2017,41.993701,-87.6900988,60659,20.0
102,2016-2017,41.960699,-87.707799,60618,16.0
103,2016-2017,41.96825,-87.76696,60630,11.0
104,2017-2018,41.89553,-87.68772,60622,25.0
105,2018-2019,41.92947,-87.67459000000001,60614,68.0
106,2015-2016,41.8962701,-87.6692183,60622,25.0
107,2016-2017,41.955498999999996,-87.67924599999999,60618,46.0
108,2015-2016,41.8250592,-87.68518990000001,60609,56.0
109,2018-2019,41.889990000000004,-87.62443,60611,37.0
110,2017-2018,41.9104,-87.69598,60647,25.0
111,2017-2018,41.931000000000004,-87.79916,60707,18.0
112,2017-2018,41.9937,-87.6901,60659,20.0
113,2017-2018,41.8806,-87.62576,60603,38.0
114,2018-2019,41.94732,-87.6512,60613,57.0
115,2018-2019,41.9542,-87.7031,60618,16.0
116,2016-2017,41.7225,-87.5694,60617,48.0
117,2018-2019,41.933820000000004,-87.65364,60657,57.0
118,2017-2018,41.86681,-87.65684,60608,29.0
119,2018-2019,41.80175,-87.6307,60609,3.0
120,2015-2016,41.990221999999996,-87.706587,60659,20.0
121,2016-2017,41.984699,-87.822699,60631,36.0
122,2018-2019,41.778890000000004,-87.72365,60629,63.0
123,2017-2018,41.89444,-87.61749,60611,37.0
124,2018-2019,41.73715,-87.58436999999999,60617,41.0
125,2016-2017,41.9843153,-87.66071550000001,60660,76.0
126,2016-2017,41.9108229,-87.64664640000001,60610,37.0
127,2017-2018,41.92592,-87.64968,60614,68.0
128,2017-2018,41.9551,-87.654,60613,31.0
129,2018-2019,41.9636,-87.72818000000001,60630,14.0
130,2016-2017,41.7217,-87.6350962,60628,72.0
131,2016-2017,41.6922,-87.6353571,60628,45.0
132,2016-2017,41.777190000000004,-87.7223,60629,63.0
133,2015-2016,41.882847,-87.63061400000001,60602,38.0
134,2016-2017,41.7960886,-87.761744,60638,53.0
135,2016-2017,41.990221999999996,-87.706587,60659,20.0
136,2016-2017,41.90413,-87.62825,60610,37.0
137,2018-2019,41.88902,-87.6317,60610,37.0
138,2017-2018,41.91838,-87.76475,60639,19.0
139,2015-2016,41.857594,-87.66095,60608,33.0
140,2017-2018,41.86695,-87.64612,60607,29.0
141,2018-2019,41.75714,-87.62422,60619,67.0
142,2015-2016,41.706222,-87.681407,60643,71.0
143,2015-2016,41.9183843,-87.7647511,60639,19.0
144,2017-2018,41.93959,-87.72519,60618,22.0
145,2017-2018,41.89627,-87.66922,60622,25.0
146,2018-2019,41.89666,-87.62406999999999,60611,37.0
147,2016-2017,41.93822,-87.64878,60657,57.0
148,2015-2016,41.9104,-87.6959765,60647,25.0
149,2017-2018,41.91095,-87.72606,60639,24.0
150,2016-2017,41.9064203,-87.7013,60622,25.0
151,2016-2017,41.9973,-87.70062,60659,20.0
152,2015-2016,41.682034,-87.53832840000001,60617,52.0
153,2018-2019,41.9104,-87.6889,60647,25.0
154,2018-2019,41.9093,-87.7756,60639,26.0
155,2017-2018,41.88902,-87.6317,60610,37.0
156,2016-2017,41.88054,-87.63254,60603,38.0
157,2018-2019,41.75147,-87.60731,60619,67.0
158,2015-2016,41.8962035,-87.62227299999999,60611,37.0
159,2018-2019,41.75036,-87.6819,60652,69.0
160,2016-2017,41.8062408,-87.7174101,60632,54.0
161,2015-2016,41.88144129999999,-87.6853785,60612,29.0
162,2018-2019,41.88077,-87.72094,60624,27.0
163,2016-2017,41.9685006,-87.72876,60630,14.0
164,2016-2017,41.903616,-87.631125,60610,37.0
165,2017-2018,41.9973,-87.70062,60659,20.0
166,2017-2018,41.9873,-87.7026,60659,20.0
167,2018-2019,41.93877,-87.76864,60634,15.0
168,2018-2019,41.8079,-87.6847,60609,55.0
169,2018-2019,41.88218,-87.62868,60601,38.0
170,2017-2018,41.9555,-87.67925,60618,46.0
171,2018-2019,41.71802,-87.60933,60628,45.0
172,2017-2018,41.92947,-87.67459000000001,60614,68.0
173,2018-2019,41.90413,-87.62825,60610,37.0
174,2018-2019,41.765840000000004,-87.57611,60649,39.0
175,2018-2019,41.8952,-87.74928,60651,26.0
176,2018-2019,41.9101,-87.7451,60639,26.0
177,2017-2018,41.97518,-87.76767,60630,11.0
178,2015-2016,41.867152600000004,-87.6471948,60608,29.0
179,2017-2018,41.75714,-87.62422,60619,67.0
180,2017-2018,41.70541,-87.72028,60655,73.0
181,2016-2017,41.73632,-87.58595,60619,44.0
182,2016-2017,41.8845429,-87.6278027,60601,38.0
183,2018-2019,42.01163,-87.81825,60631,77.0
184,2016-2017,41.9819768,-87.66,60640,76.0
185,2017-2018,41.79981,-87.59466,60615,8.0
186,2015-2016,41.79406779999999,-87.7033353,60632,61.0
187,2017-2018,41.8952,-87.74894,60651,26.0
188,2018-2019,41.831959999999995,-87.61641,60616,1.0
189,2017-2018,41.9482,-87.66363,60613,57.0
190,2016-2017,42.0153333,-87.6683,60626,10.0
191,2018-2019,41.959959999999995,-87.76673000000001,60634,15.0
192,2016-2017,41.8469,-87.7311,60623,32.0
193,2018-2019,41.917809999999996,-87.6884,60647,23.0
194,2017-2018,41.9655,-87.6671,60640,31.0
195,2016-2017,41.78707,-87.66549,60621,65.0
196,2018-2019,41.84332,-87.72483000000001,60623,32.0
197,2018-2019,41.73653,-87.66343,60620,70.0
198,2018-2019,41.89553,-87.68772,60622,25.0
199,2017-2018,41.7513,-87.5755,60649,42.0
200,2015-2016,41.7502,-87.6574,60620,70.0
201,2015-2016,41.955099,-87.653999,60613,31.0
202,2017-2018,41.8735,-87.70477,60612,28.0
203,2017-2018,41.93334,-87.64503,60657,57.0
204,2016-2017,41.97531,-87.78331999999999,60630,11.0
205,2018-2019,41.92592,-87.64968,60614,68.0
206,2017-2018,41.77969,-87.64143,60621,66.0
207,2015-2016,41.896656899999996,-87.6240688,60611,37.0
208,2015-2016,41.736528,-87.66342809999999,60620,70.0
209,2016-2017,41.968999999999994,-87.67948,60625,6.0
210,2015-2016,41.704389,-87.681972,60643,71.0
211,2017-2018,41.89107,-87.6177,60611,37.0
212,2016-2017,41.929471,-87.6745948,60614,68.0
213,2015-2016,41.917499,-87.70559899999999,60647,23.0
214,2016-2017,41.684876700000004,-87.64340940000001,60643,50.0
215,2018-2019,41.87979,-87.62729,60603,38.0
216,2017-2018,41.78707,-87.66549,60621,65.0
217,2016-2017,41.9751784,-87.7676689,60630,11.0
218,2018-2019,41.93334,-87.64503,60657,57.0
219,2018-2019,41.88392,-87.63195999999999,60602,38.0
220,2016-2017,41.857594,-87.66095,60608,33.0
221,2016-2017,41.890177,-87.63728,60654,37.0
222,2016-2017,41.891071999999994,-87.617701,60611,37.0
223,2016-2017,41.737099,-87.605299,60619,40.0
224,2018-2019,41.95367,-87.70746,60618,16.0
225,2017-2018,41.8231,-87.67858000000001,60609,56.0
226,2015-2016,41.8521873,-87.6677569,60608,33.0
227,2016-2017,41.7795,-87.64513000000001,60652,66.0
228,2015-2016,41.933819,-87.653644,60657,57.0
229,2017-2018,41.7861,-87.7232,60629,60.0
230,2018-2019,41.7795,-87.64513000000001,60652,66.0
231,2016-2017,41.9395181,-87.7135191,60618,22.0
232,2017-2018,41.750859999999996,-87.64483,60620,70.0
233,2018-2019,41.93822,-87.64878,60657,57.0
234,2018-2019,41.88585,-87.62034,60601,38.0
235,2016-2017,41.9387724,-87.7686351,60634,15.0
236,2015-2016,41.953804,-87.68643900000001,60618,46.0
237,2017-2018,41.692609999999995,-87.68078,60643,74.0
238,2015-2016,41.830498999999996,-87.673599,60609,56.0
239,2018-2019,41.692609999999995,-87.68078,60643,74.0
240,2018-2019,41.721579999999996,-87.61493,60619,45.0
241,2017-2018,41.96526,-87.65203000000001,60640,31.0
242,2018-2019,41.8415,-87.6497,60608,58.0
243,2018-2019,41.91095,-87.72606,60639,24.0
244,2016-2017,41.92479,-87.72591,60647,23.0
245,2017-2018,41.853190000000005,-87.63516,60616,35.0
246,2017-2018,41.8076,-87.7233,60632,54.0
247,2017-2018,41.9093,-87.7756,60639,26.0
248,2018-2019,41.79327,-87.72766,60632,60.0
249,2018-2019,41.9393,-87.6704,60657,57.0
250,2017-2018,41.86665,-87.7303,60624,30.0
251,2015-2016,41.9239578,-87.74718,60639,19.0
252,2017-2018,41.8415,-87.6497,60608,58.0
253,2018-2019,41.82506,-87.68519,60609,56.0
254,2017-2018,41.79555,-87.58803,60615,8.0
255,2018-2019,41.77977,-87.66214000000001,60629,65.0
256,2015-2016,41.8028686,-87.6261,60609,4.0
257,2018-2019,41.69173,-87.70099,60655,73.0
258,2018-2019,41.88392,-87.63195999999999,60602,38.0
259,2017-2018,41.93822,-87.64878,60657,57.0
260,2018-2019,41.92479,-87.72591,60647,23.0
261,2017-2018,41.9101,-87.7451,60639,26.0
262,2015-2016,41.86665,-87.7303,60624,30.0
263,2017-2018,41.87962,-87.63993,60606,29.0
264,2016-2017,41.907104700000005,-87.67251759999999,60622,25.0
265,2018-2019,41.68203,-87.53833,60617,52.0
266,2017-2018,41.81346,-87.70467,60632,55.0
267,2016-2017,41.702606200000005,-87.5361308,60617,49.0
268,2017-2018,41.92492,-87.71145,60647,23.0
269,2016-2017,41.939879499999996,-87.6625923,60657,57.0
270,2015-2016,41.801751,-87.630697,60609,3.0
271,2018-2019,41.90333,-87.68772,60622,25.0
272,2018-2019,41.90896,-87.76512,60651,26.0
273,2016-2017,41.924924700000005,-87.71144720000001,60647,23.0
274,2016-2017,41.837709999999994,-87.64539,60608,58.0
275,2017-2018,41.93745,-87.64407,60657,57.0
276,2018-2019,41.7786,-87.7027,60629,64.0
277,2017-2018,41.90413,-87.62825,60610,37.0
278,2017-2018,41.80856,-87.66524,60609,59.0
279,2018-2019,41.95341,-87.68876999999999,60618,46.0
280,2015-2016,41.757226,-87.586265,60649,39.0
281,2016-2017,41.8818826,-87.63392900000001,60606,38.0
282,2015-2016,41.813457799999995,-87.70467190000001,60632,55.0
283,2016-2017,41.9411842,-87.6489247,60657,57.0
284,2015-2016,41.721583,-87.61492709999999,60619,45.0
285,2017-2018,42.01533,-87.6683,60626,10.0
286,2015-2016,41.8231,-87.6785833,60609,56.0
287,2015-2016,41.6891382,-87.6208626,60628,45.0
288,2015-2016,41.8558347,-87.6659,60608,33.0
289,2016-2017,41.778085100000006,-87.77217990000001,60638,62.0
290,2016-2017,41.506809999999994,-87.64059,60411,
291,2015-2016,41.809899,-87.593299,60653,5.0
292,2016-2017,41.9755789,-87.6926931,60625,6.0
293,2015-2016,41.880599,-87.63069899999999,60603,38.0
294,2015-2016,41.9667527,-87.7600422,60630,15.0
295,2017-2018,41.7783,-87.6439,60621,66.0
296,2018-2019,41.9685,-87.72876,60630,14.0
297,2016-2017,41.88097,-87.7061,60612,28.0
298,2017-2018,41.9397,-87.6888,60618,46.0
299,2018-2019,41.93096,-87.79930999999999,60707,18.0
300,2018-2019,41.96847,-87.75872,60630,11.0
301,2016-2017,41.7662,-87.5687,60649,39.0
302,2016-2017,41.7069,-87.6428,60628,45.0
303,2017-2018,41.97558,-87.69269,60625,6.0
304,2017-2018,41.72896,-87.55483000000001,60617,44.0
305,2017-2018,41.7788,-87.69975,60629,64.0
306,2018-2019,41.9654,-87.65904,60640,31.0
307,2017-2018,41.96739,-87.7599,60630,15.0
308,2018-2019,41.8935,-87.6309,60654,37.0
309,2017-2018,41.93005,-87.76645,60639,19.0
310,2016-2017,41.879406700000004,-87.6340179,60606,38.0
311,2016-2017,41.830780600000004,-87.6234139,60653,1.0
312,2017-2018,41.7795,-87.64513000000001,60652,66.0
313,2018-2019,41.95408,-87.65428,60613,57.0
314,2016-2017,41.9104,-87.67734300000001,60647,25.0
315,2018-2019,41.89699,-87.68387,60622,25.0
316,2018-2019,41.88602,-87.62393,60601,38.0
317,2018-2019,41.9482,-87.6481,60613,57.0
318,2016-2017,41.89606,-87.6541,60622,25.0
319,2016-2017,41.778599,-87.702699,60629,64.0
320,2018-2019,41.9878,-87.70314,60659,20.0
321,2018-2019,41.968999999999994,-87.67948,60625,6.0
322,2015-2016,41.7793,-87.6057,60637,9.0
323,2017-2018,42.0164,-87.6758,60626,10.0
324,2018-2019,41.8806,-87.6307,60603,38.0
325,2016-2017,41.7069,-87.67003000000001,60643,71.0
326,2017-2018,41.981429999999996,-87.66856,60640,76.0
327,2017-2018,41.79246,-87.80112,60638,53.0
328,2015-2016,41.778599,-87.702699,60629,64.0
329,2018-2019,41.75723,-87.58627,60649,39.0
330,2018-2019,41.9316,-87.7557,60639,19.0
331,2017-2018,41.9654,-87.65904,60640,31.0
332,2018-2019,41.73405,-87.56073,60617,42.0
333,2016-2017,41.801751,-87.630697,60609,3.0
334,2018-2019,41.7371,-87.6053,60619,40.0
335,2016-2017,41.93363207,-87.64573667,60657,57.0
336,2016-2017,41.93363,-87.64574,60657,57.0
337,2017-2018,41.88602,-87.62393,60601,38.0
338,2018-2019,41.86681,-87.65684,60608,29.0
339,2017-2018,41.94755,-87.65122,60613,57.0
340,2016-2017,41.9688122,-87.688439,60625,6.0
341,2017-2018,41.88218,-87.62868,60601,38.0
342,2017-2018,41.79407,-87.70334,60632,61.0
343,2016-2017,41.72896,-87.55483000000001,60617,44.0
344,2015-2016,41.9343,-87.64183,60657,57.0
345,2017-2018,41.942840000000004,-87.68969,60618,46.0
346,2017-2018,41.9402,-87.6446,60657,57.0
347,2015-2016,41.9395181,-87.7135191,60618,22.0
348,2015-2016,41.984699,-87.822699,60631,36.0
349,2016-2017,41.939589,-87.725187,60618,22.0
350,2016-2017,41.904099,-87.630199,60610,37.0
351,2017-2018,41.68488,-87.64341,60643,50.0
352,2016-2017,41.88144129999999,-87.6853785,60612,29.0
353,2017-2018,41.89666,-87.62406999999999,60611,37.0
354,2016-2017,41.9458,-87.7667,60634,15.0
355,2017-2018,41.80287,-87.6261,60609,4.0
356,2015-2016,41.9428398,-87.6896891,60618,46.0
357,2015-2016,41.960699,-87.707799,60618,16.0
358,2018-2019,41.89499,-87.62151,60611,37.0
359,2018-2019,41.7068,-87.6207,60628,45.0
360,2017-2018,41.7068,-87.6207,60628,45.0
361,2016-2017,41.8250592,-87.68518990000001,60609,56.0
362,2017-2018,41.88077,-87.72094,60624,27.0
363,2016-2017,41.910399,-87.68889899999999,60647,25.0
364,2016-2017,41.88347,-87.6342,60606,38.0
365,2017-2018,41.9542,-87.7031,60618,16.0
366,2016-2017,41.749266999999996,-87.614909,60619,40.0
367,2015-2016,41.8735,-87.7047735,60612,28.0
368,2015-2016,41.8818826,-87.63392900000001,60606,38.0
369,2018-2019,41.96881,-87.68844,60625,6.0
370,2016-2017,41.7749,-87.7283636,60629,63.0
371,2015-2016,41.879502,-87.6281157,60603,38.0
372,2016-2017,41.910099,-87.745099,60639,26.0
373,2015-2016,42.016399,-87.675799,60626,10.0
374,2017-2018,41.96825,-87.76696,60630,11.0
375,2018-2019,41.704390000000004,-87.68196999999999,60643,71.0
376,2018-2019,41.9655,-87.6671,60640,31.0
377,2015-2016,41.7960886,-87.761744,60638,53.0
378,2017-2018,41.506809999999994,-87.64059,60411,
379,2018-2019,41.6926,-87.605,60628,47.0
380,2017-2018,41.858309999999996,-87.66577,60608,33.0
381,2018-2019,41.9071,-87.67251999999999,60622,25.0
382,2016-2017,41.9308,-87.7094709,60647,23.0
383,2018-2019,41.8779,-87.63343,60604,38.0
384,2016-2017,41.87979,-87.62729,60603,38.0
385,2016-2017,41.8231,-87.6785833,60609,56.0
386,2016-2017,41.981429,-87.668555,60640,76.0
387,2017-2018,41.87539,-87.6278,60605,38.0
388,2017-2018,41.9244,-87.76652,60639,19.0
389,2015-2016,41.9751784,-87.7676689,60630,11.0
390,2016-2017,41.88902,-87.6317,60610,37.0
391,2018-2019,41.9402,-87.6446,60657,57.0
392,2017-2018,41.922670000000004,-87.6535,60614,68.0
393,2017-2018,41.8521,-87.6741,60608,33.0
394,2018-2019,41.68488,-87.64341,60643,50.0
395,2016-2017,41.96825,-87.766962,60630,11.0
396,2015-2016,41.910099,-87.745099,60639,26.0
397,2015-2016,41.9109501,-87.72605809999999,60639,24.0
398,2017-2018,41.779090000000004,-87.61599,60637,67.0
399,2018-2019,41.87539,-87.6278,60605,38.0
400,2017-2018,41.72272,-87.55972,60617,44.0
401,2015-2016,41.7046,-87.5353,60617,49.0
402,2018-2019,41.9653,-87.65198000000001,60640,31.0
403,2017-2018,41.92396,-87.74718,60639,19.0
404,2016-2017,41.867290999999994,-87.626941,60605,34.0
405,2018-2019,41.80857,-87.64615,60609,59.0
406,2017-2018,41.99022,-87.70659,60659,20.0
407,2016-2017,41.831964500000005,-87.61641230000001,60616,1.0
408,2015-2016,41.931000000000004,-87.79915759999999,60707,18.0
409,2016-2017,41.830498999999996,-87.673599,60609,56.0
410,2015-2016,41.9685006,-87.72876,60630,14.0
411,2017-2018,42.01163,-87.81825,60631,77.0
412,2016-2017,41.86665,-87.7303,60624,30.0
413,2017-2018,41.75028,-87.65446999999999,60620,70.0
414,2016-2017,41.7502,-87.6574,60620,70.0
415,2017-2018,41.80857,-87.64615,60609,59.0
416,2015-2016,41.720770200000004,-87.66350870000001,60643,71.0
417,2016-2017,41.9093,-87.7756,60639,26.0
418,2016-2017,42.016399,-87.675799,60626,10.0
419,2015-2016,41.728499,-87.551399,60617,42.0
420,2015-2016,41.831964500000005,-87.61641230000001,60616,1.0
421,2017-2018,41.75723,-87.58627,60649,39.0
422,2018-2019,41.93793,-87.7964,60634,18.0
423,2014-2015,41.90710466,-87.67251758,60622,25.0
424,2018-2019,41.942840000000004,-87.68969,60618,46.0
425,2016-2017,41.8952,-87.7489367,60651,26.0
426,2016-2017,42.000659999999996,-87.66107,60626,10.0
427,2017-2018,42.018,-87.6907,60645,20.0
428,2016-2017,41.8069,-87.67355,60609,59.0
429,2015-2016,41.879406700000004,-87.6340179,60606,38.0
430,2015-2016,41.852099,-87.674099,60608,33.0
431,2016-2017,41.8085682,-87.6461542,60609,59.0
432,2017-2018,41.7786,-87.7027,60629,64.0
433,2016-2017,41.880599,-87.63069899999999,60603,38.0
434,2016-2017,41.7788,-87.6997471,60629,64.0
435,2015-2016,41.7800823,-87.6418432,60621,66.0
436,2015-2016,41.778085100000006,-87.77217990000001,60638,62.0
437,2017-2018,41.844159999999995,-87.70191,60623,32.0
438,2015-2016,41.904099,-87.630199,60610,37.0
439,2018-2019,41.9041,-87.6302,60610,37.0
440,2015-2016,41.8995441,-87.6818,60622,25.0
441,2016-2017,41.959959000000005,-87.766729,60634,15.0
442,2018-2019,41.84209,-87.72483000000001,60623,32.0
443,2018-2019,41.93853,-87.78574,60634,17.0
444,2015-2016,41.88063820000001,-87.7555278,60644,26.0
445,2017-2018,41.95408,-87.65428,60613,57.0
446,2018-2019,41.98281,-87.65961999999999,60640,76.0
447,2016-2017,41.9317835,-87.6979694,60647,23.0
448,2017-2018,41.8463,-87.61577,60606,34.0
449,2017-2018,41.9393,-87.6704,60657,57.0
450,2016-2017,41.922668,-87.6535,60614,68.0
451,2018-2019,41.88297,-87.64164,60661,29.0
452,2018-2019,41.77969,-87.64143,60621,66.0
453,2018-2019,41.96739,-87.7599,60630,15.0
454,2017-2018,41.92025,-87.7611,60639,19.0
455,2018-2019,41.77809,-87.77218,60638,62.0
456,2018-2019,41.90351,-87.66775,60622,25.0
457,2018-2019,41.867290000000004,-87.62694,60605,34.0
458,2016-2017,41.9398394,-87.6521615,60657,57.0
459,2018-2019,41.8231,-87.67858000000001,60609,56.0
460,2015-2016,41.896319,-87.636896,60654,37.0
461,2015-2016,41.9064203,-87.7013,60622,25.0
462,2018-2019,41.7987,-87.7431,60638,53.0
463,2016-2017,41.7046,-87.5353,60617,49.0
464,2017-2018,41.85583,-87.6659,60608,33.0
465,2016-2017,41.97627,-87.78856999999999,60656,36.0
466,2018-2019,41.8668,-87.6396,60607,29.0
467,2017-2018,41.959959999999995,-87.76673000000001,60634,15.0
468,2017-2018,41.8595,-87.69085,60608,30.0
469,2015-2016,41.9306222,-87.7235,60647,23.0
470,2017-2018,41.78008,-87.64184,60621,66.0
471,2016-2017,41.6891382,-87.6208626,60628,45.0
472,2016-2017,41.9534185,-87.7280564,60641,16.0
473,2015-2016,41.677830900000004,-87.6803192,60643,74.0
474,2017-2018,41.90351,-87.66775,60622,25.0
475,2015-2016,41.945399,-87.775399,60634,15.0
476,2017-2018,41.924170000000004,-87.78781,60707,19.0
477,2015-2016,41.684876700000004,-87.64340940000001,60643,50.0
478,2016-2017,41.948199,-87.648099,60613,57.0
479,2015-2016,41.9547148,-87.7476248,60641,15.0
480,2017-2018,41.7223,-87.5751,60617,48.0
481,2015-2016,41.883911,-87.632012,60602,38.0
482,2016-2017,41.878127500000005,-87.63709140000002,60606,38.0
483,2016-2017,41.844304799999996,-87.7077192,60623,32.0
484,2016-2017,41.8177,-87.6063391,60653,2.0
485,2016-2017,41.7955471,-87.58803370000001,60615,8.0
486,2016-2017,41.809899,-87.593299,60653,5.0
487,2015-2016,41.7217,-87.6350962,60628,72.0
488,2015-2016,41.6926,-87.6050028,60628,47.0
489,2015-2016,41.922668,-87.6535,60614,68.0
490,2017-2018,41.7502,-87.6574,60620,70.0
491,2017-2018,41.92479,-87.72591,60647,23.0
492,2015-2016,41.9688122,-87.688439,60625,6.0
493,2016-2017,41.677830900000004,-87.6803192,60643,74.0
494,2016-2017,41.8415,-87.6497,60608,58.0
495,2017-2018,41.93853,-87.78574,60634,17.0
496,2017-2018,41.93866,-87.74597,60641,19.0
497,2017-2018,41.88585,-87.62034,60601,38.0
498,2016-2017,41.9133,-87.8056,60707,26.0
499,2018-2019,41.7731,-87.58774,60637,39.0
500,2018-2019,41.80472,-87.62449000000001,60615,4.0
501,2018-2019,41.98655,-87.79351,60631,36.0
502,2018-2019,41.993829999999996,-87.6608,60660,76.0
503,2018-2019,41.93952,-87.71351999999999,60618,22.0
504,2018-2019,41.7662,-87.5687,60649,39.0
505,2016-2017,41.87539,-87.6278,60605,38.0
506,2018-2019,41.9114,-87.63447,60614,68.0
507,2016-2017,41.939799,-87.653999,60657,57.0
508,2018-2019,41.992309999999996,-87.66026,60660,76.0
509,2018-2019,41.95296,-87.65351,60613,57.0
510,2017-2018,41.992309999999996,-87.66026,60660,76.0
511,2018-2019,41.83954,-87.64679,60608,58.0
512,2016-2017,41.839541499999996,-87.6467929,60608,58.0
513,2017-2018,41.7796,-87.66585,60636,65.0
514,2018-2019,41.91778,-87.72378,60647,23.0
515,2017-2018,41.903620000000004,-87.63113,60610,37.0
516,2018-2019,41.96825,-87.76696,60630,11.0
517,2017-2018,41.903620000000004,-87.63113,60610,37.0
518,2016-2017,41.706799,-87.620699,60628,45.0
519,2016-2017,41.9104,-87.6959765,60647,25.0
520,2017-2018,41.765840000000004,-87.56700000000001,60649,39.0
521,2016-2017,41.993829999999996,-87.6608,60660,76.0
522,2017-2018,41.931779999999996,-87.69797,60647,23.0
523,2015-2016,41.883911,-87.632012,60602,38.0
524,2015-2016,41.948199,-87.648099,60613,57.0
525,2018-2019,41.995979999999996,-87.78803,60646,36.0
526,2017-2018,41.946259999999995,-87.71356999999999,60618,22.0
527,2015-2016,41.8659711,-87.7115222,60624,30.0
528,2016-2017,41.953804,-87.68643900000001,60618,46.0
529,2018-2019,41.779090000000004,-87.61599,60637,67.0
530,2017-2018,41.9636,-87.72818000000001,60630,14.0
531,2016-2017,41.945399,-87.775399,60634,15.0
532,2018-2019,41.9442,-87.7397,60641,16.0
533,2018-2019,41.99746,-87.70404,60659,20.0
534,2016-2017,41.79981,-87.59466,60637,8.0
535,2016-2017,41.931526,-87.727027,60647,23.0
536,2018-2019,41.87972,-87.62462,60603,38.0
537,2016-2017,41.813457799999995,-87.70467190000001,60632,55.0
538,2016-2017,41.8779,-87.63343,60604,38.0
539,2016-2017,41.86681,-87.65684,60608,29.0
540,2017-2018,41.8443,-87.70772,60623,32.0
541,2016-2017,41.908962700000004,-87.7651214,60651,26.0
542,2017-2018,41.89499,-87.62151,60611,37.0
543,2017-2018,41.7046,-87.5353,60617,49.0
544,2015-2016,41.7796924,-87.64142790000001,60621,66.0
545,2018-2019,41.69818,-87.64226,60628,45.0
546,2018-2019,41.91933,-87.69008000000001,60647,23.0
547,2018-2019,41.939840000000004,-87.65216,60657,57.0
548,2018-2019,41.881879999999995,-87.63393,60606,38.0
549,2017-2018,41.89997,-87.62833,60610,37.0
550,2018-2019,41.92396,-87.74718,60639,19.0
551,2018-2019,41.91918,-87.73127,60639,21.0
552,2017-2018,41.91933,-87.69008000000001,60647,23.0
553,2016-2017,41.9582585,-87.787,60634,17.0
554,2018-2019,41.7299,-87.5469,60617,42.0
555,2017-2018,41.91812,-87.63917,60614,68.0
556,2018-2019,41.72987,-87.66242,60620,72.0
557,2017-2018,41.87979,-87.62729,60603,38.0
558,2015-2016,41.9674,-87.6491,60640,31.0
559,2017-2018,41.993829999999996,-87.6608,60660,76.0
560,2018-2019,41.83078,-87.62340999999999,60653,1.0
561,2017-2018,41.88454,-87.6278,60601,38.0
562,2017-2018,41.897490000000005,-87.61993000000001,60611,37.0
563,2016-2017,41.910771999999994,-87.63123900000001,60610,37.0
564,2016-2017,41.894439399999996,-87.6174869,60611,37.0
565,2018-2019,41.70541,-87.72028,60655,73.0
566,2016-2017,41.720770200000004,-87.66350870000001,60643,71.0
567,2017-2018,41.90896,-87.76512,60651,26.0
568,2015-2016,41.867290999999994,-87.626941,60605,34.0
569,2018-2019,41.685179999999995,-87.61742,60628,50.0
570,2017-2018,41.9071,-87.67251999999999,60622,25.0
571,2017-2018,41.82497,-87.61232,60653,2.0
572,2018-2019,41.9398,-87.654,60657,57.0
573,2015-2016,41.6922,-87.6353571,60628,45.0
574,2016-2017,41.70541,-87.72028,60655,73.0
575,2018-2019,41.79527,-87.62904,60609,3.0
576,2016-2017,41.757135299999995,-87.6242235,60619,67.0
577,2015-2016,41.8069,-87.67355,60609,59.0
578,2017-2018,41.88391,-87.63201,60602,38.0
579,2017-2018,41.70622,-87.68141,60643,71.0
580,2018-2019,41.837709999999994,-87.64539,60608,58.0
581,2018-2019,41.8441,-87.7248,60623,32.0
582,2016-2017,41.8962701,-87.6692183,60622,25.0
583,2016-2017,41.8856012,-87.6307608,60601,38.0
584,2015-2016,41.907104700000005,-87.67251759999999,60622,25.0
585,2016-2017,41.704389,-87.681972,60643,71.0
586,2018-2019,41.79246,-87.80112,60638,53.0
587,2015-2016,41.90413,-87.62825,60610,37.0
588,2018-2019,41.887,-87.6247,60601,38.0
589,2016-2017,41.96094,-87.71236,60618,16.0
590,2018-2019,41.90945,-87.73597,60639,24.0
591,2016-2017,41.886998999999996,-87.62469899999999,60601,38.0
592,2018-2019,41.7513,-87.5755,60649,42.0
593,2018-2019,41.91082,-87.64665,60610,37.0
594,2016-2017,41.8962035,-87.62227299999999,60611,37.0
595,2015-2016,41.937799,-87.649499,60657,57.0
596,2017-2018,41.765840000000004,-87.57611,60649,39.0
597,2018-2019,41.97627,-87.78856999999999,60656,36.0
598,2015-2016,41.722299,-87.575099,60617,48.0
599,2016-2017,41.79406779999999,-87.7033353,60632,61.0
600,2017-2018,41.9555,-87.67925,60618,46.0
601,2015-2016,42.0116257,-87.81824590000001,60631,77.0
602,2015-2016,41.7371519,-87.584369,60617,41.0
603,2018-2019,41.76463,-87.72198,60629,63.0
604,2017-2018,41.96537,-87.65176,60640,31.0
605,2017-2018,41.70261,-87.53613,60617,49.0
606,2018-2019,41.68914,-87.62086,60628,45.0
607,2017-2018,41.8962,-87.62227,60611,37.0
608,2018-2019,41.75078,-87.65726,60620,70.0
609,2018-2019,41.70622,-87.68141,60643,71.0
610,2016-2017,41.807899,-87.684699,60609,55.0
611,2017-2018,41.6922,-87.63535999999999,60628,45.0
612,2017-2018,41.93793,-87.7964,60634,18.0
613,2016-2017,41.799812,-87.594657,60615,8.0
614,2018-2019,41.96658,-87.64925,60640,31.0
615,2016-2017,41.9183843,-87.7647511,60639,19.0
616,2015-2016,41.7646314,-87.72197790000001,60629,63.0
617,2017-2018,41.88221,-87.63904000000001,60606,29.0
618,2018-2019,41.79587,-87.68446,60609,61.0
619,2016-2017,41.783716,-87.606406,60637,9.0
620,2017-2018,41.8935,-87.6309,60654,37.0
621,2018-2019,41.9937,-87.6901,60659,20.0
622,2018-2019,41.8099,-87.5933,60653,5.0
623,2016-2017,41.9442,-87.7397,60641,16.0
624,2016-2017,41.90205,-87.71488000000001,60651,24.0
625,2015-2016,41.74088820000001,-87.7214,60652,69.0
626,2017-2018,41.83954,-87.64679,60608,58.0
627,2016-2017,41.903620000000004,-87.63113,60610,37.0
628,2017-2018,41.9133,-87.8056,60707,26.0
629,2017-2018,41.9316,-87.7557,60639,19.0
630,2015-2016,41.924173700000004,-87.78781190000001,60707,19.0
631,2016-2017,41.7793,-87.6448,60621,66.0
632,2016-2017,41.691725,-87.700985,60655,73.0
633,2017-2018,41.80175,-87.6307,60609,3.0
634,2016-2017,41.93285,-87.68753000000001,60618,23.0
635,2017-2018,41.91258,-87.65345,60614,68.0
636,2017-2018,41.933820000000004,-87.65364,60657,57.0
637,2017-2018,41.9679,-87.64986,60640,31.0
638,2016-2017,41.94106,-87.72754,60641,16.0
639,2018-2019,41.750859999999996,-87.64483,60620,70.0
640,2016-2017,41.6925,-87.6183,60628,45.0
641,2017-2018,41.9683,-87.73809,60630,14.0
642,2016-2017,41.8558347,-87.6659,60608,33.0
643,2018-2019,41.70261,-87.53613,60617,49.0
644,2016-2017,41.8899859,-87.6244308,60611,37.0
645,2017-2018,41.831959999999995,-87.61641,60616,1.0
646,2018-2019,41.72077,-87.66351,60643,71.0
647,2016-2017,41.880299,-87.646699,60661,29.0
648,2016-2017,41.9306222,-87.7235,60647,23.0
649,2018-2019,41.7069,-87.6428,60628,45.0
650,2017-2018,41.9538,-87.68644,60618,46.0
651,2016-2017,41.692609999999995,-87.68078,60643,74.0
652,2016-2017,41.893499,-87.630899,60654,37.0
653,2017-2018,41.7371,-87.6053,60619,40.0
654,2018-2019,41.747040000000005,-87.70266,60652,69.0
655,2018-2019,41.9679,-87.64986,60640,31.0
656,2018-2019,41.92492,-87.71145,60647,23.0
657,2015-2016,41.880299,-87.646699,60661,29.0
658,2015-2016,41.7299,-87.5469,60617,42.0
659,2015-2016,41.932899,-87.648099,60614,57.0
660,2016-2017,41.6926,-87.6050028,60628,47.0
661,2015-2016,41.7749,-87.7283636,60629,63.0
662,2016-2017,41.9239578,-87.74718,60639,19.0
663,2015-2016,41.702606200000005,-87.5361308,60617,49.0
664,2015-2016,41.9492722,-87.8069,60634,17.0
665,2015-2016,41.9843153,-87.66071550000001,60660,76.0
666,2016-2017,41.844099,-87.724799,60623,32.0
667,2018-2019,41.9329,-87.6481,60614,57.0
668,2018-2019,41.9378,-87.6495,60657,57.0
669,2018-2019,41.777190000000004,-87.7223,60629,63.0
670,2017-2018,41.96736,-87.76199,60630,15.0
671,2017-2018,41.9482,-87.6481,60613,57.0
672,2015-2016,41.9654,-87.6590379,60640,31.0
673,2015-2016,41.939589,-87.725187,60618,22.0
674,2015-2016,41.9542,-87.7031,60618,16.0
675,2016-2017,41.99598029999999,-87.7880338,60646,36.0
676,2017-2018,41.7285,-87.5514,60617,42.0
677,2014-2015,41.93865526,-87.74596804,60641,19.0
678,2018-2019,41.88097,-87.7061,60612,28.0
679,2017-2018,41.84332,-87.72483000000001,60623,32.0
680,2015-2016,41.965366499999995,-87.65176020000001,60640,31.0
681,2016-2017,41.883181,-87.62453719999999,60602,38.0
682,2015-2016,41.9819768,-87.66,60640,76.0
683,2016-2017,41.9674,-87.6491,60640,31.0
684,2015-2016,41.750280700000005,-87.6544662,60620,70.0
685,2016-2017,41.792457,-87.8011242,60638,53.0
686,2015-2016,41.924924700000005,-87.71144720000001,60647,23.0
687,2018-2019,41.88454,-87.6278,60601,38.0
688,2016-2017,41.88297,-87.64164,60661,29.0
689,2016-2017,41.896319,-87.636896,60654,37.0
690,2017-2018,41.96881,-87.68844,60625,6.0
691,2016-2017,41.993833,-87.660799,60660,76.0
692,2015-2016,41.924404100000004,-87.76651740000001,60639,19.0
693,2018-2019,41.9454,-87.7754,60634,15.0
694,2016-2017,41.7371519,-87.584369,60617,41.0
695,2017-2018,41.96094,-87.71236,60618,16.0
696,2015-2016,41.916899,-87.732299,60639,21.0
697,2017-2018,41.79514,-87.78703,60638,53.0
698,2018-2019,41.88054,-87.63254,60603,38.0
699,2017-2018,41.89632,-87.6369,60654,37.0
700,2015-2016,41.965499,-87.667099,60640,31.0
701,2017-2018,41.73901,-87.69706,60652,69.0
702,2018-2019,41.7285,-87.5514,60617,42.0
703,2018-2019,41.7749,-87.72836,60629,63.0
704,2018-2019,41.97558,-87.69269,60625,6.0
705,2016-2017,41.73941,-87.72185,60652,69.0
706,2017-2018,41.8099,-87.5933,60653,5.0
707,2017-2018,41.8779,-87.63343,60604,38.0
708,2017-2018,41.88297,-87.64164,60661,29.0
709,2018-2019,41.67783,-87.68032,60643,74.0
710,2018-2019,41.73632,-87.58595,60619,44.0
711,2016-2017,41.883911,-87.632012,60602,38.0
712,2015-2016,41.8952,-87.7489367,60651,26.0
713,2018-2019,41.9243,-87.6395,60614,68.0
714,2018-2019,41.88323,-87.6306,60602,38.0
715,2016-2017,41.7796924,-87.64142790000001,60621,66.0
716,2017-2018,41.995979999999996,-87.78803,60646,36.0
717,2015-2016,41.765839,-87.57610600000001,60649,39.0
718,2016-2017,41.9379316,-87.7964046,60634,18.0
719,2015-2016,41.764199,-87.682699,60636,64.0
720,2017-2018,41.79609,-87.76174,60638,53.0
721,2016-2017,41.7730989,-87.5877363,60637,39.0
722,2017-2018,41.88097,-87.7061,60612,28.0
723,2016-2017,41.74088820000001,-87.7214,60652,69.0
724,2018-2019,42.018,-87.6907,60645,20.0
725,2017-2018,41.9398,-87.654,60657,57.0
726,2015-2016,41.9397,-87.6888,60618,46.0
727,2016-2017,41.8807697,-87.72094150000001,60624,27.0
728,2016-2017,41.917499,-87.70559899999999,60647,23.0
729,2016-2017,41.786099,-87.723199,60629,60.0
730,2017-2018,41.917809999999996,-87.6884,60647,23.0
731,2015-2016,41.77975,-87.7078,60629,64.0
732,2017-2018,41.837709999999994,-87.64539,60608,58.0
733,2018-2019,41.95342,-87.72806,60641,16.0
734,2016-2017,41.8735,-87.7047735,60612,28.0
735,2018-2019,41.984320000000004,-87.66072,60660,76.0
736,2017-2018,41.88064,-87.75553000000001,60644,26.0
737,2018-2019,41.93005,-87.76645,60639,19.0
738,2016-2017,41.948197,-87.66363100000001,60613,57.0
739,2015-2016,41.7498277,-87.6820918,60620,69.0
740,2016-2017,41.9679,-87.64985659999999,60640,31.0
741,2016-2017,41.882847,-87.63061400000001,60602,38.0
742,2017-2018,41.95367,-87.70746,60618,16.0
743,2015-2016,41.841081,-87.686063,60608,33.0
744,2017-2018,41.84108,-87.68606,60608,33.0
745,2018-2019,41.7478,-87.66301,60620,70.0
746,2015-2016,41.866799,-87.639599,60607,29.0
747,2017-2018,41.79327,-87.72766,60632,60.0
748,2016-2017,41.706222,-87.681407,60643,71.0
749,2017-2018,41.883179999999996,-87.62454,60602,38.0
750,2015-2016,41.844099,-87.724799,60623,32.0
751,2017-2018,41.8441,-87.7248,60623,32.0
752,2016-2017,41.73545,-87.74051,60652,69.0
753,2016-2017,41.84332,-87.72483000000001,60623,32.0
754,2018-2019,41.79609,-87.76174,60638,53.0
755,2018-2019,41.79981,-87.59466,60615,8.0
756,2015-2016,41.939799,-87.653999,60657,57.0
757,2016-2017,41.9109501,-87.72605809999999,60639,24.0
758,2018-2019,41.737829999999995,-87.60488000000001,60619,40.0
759,2017-2018,41.76463,-87.72198,60629,63.0
760,2016-2017,41.924404100000004,-87.76651740000001,60639,19.0
761,2017-2018,41.93952,-87.71351999999999,60618,22.0
762,2015-2016,41.779090999999994,-87.615988,60637,67.0
763,2017-2018,41.87972,-87.62462,60603,38.0
764,2016-2017,41.7478,-87.66301,60620,70.0
765,2016-2017,41.79526729999999,-87.6290395,60609,3.0
766,2018-2019,41.731759999999994,-87.58595,60617,44.0
767,2016-2017,41.7564,-87.7222,60652,63.0
768,2015-2016,41.9379316,-87.7964046,60634,18.0
769,2017-2018,41.80624,-87.71741,60632,54.0
770,2018-2019,41.88149,-87.68675999999999,60612,29.0
771,2015-2016,41.9534185,-87.7280564,60641,16.0
772,2016-2017,41.88602,-87.62393,60601,38.0
773,2016-2017,41.940199,-87.644599,60657,57.0
774,2018-2019,41.93988,-87.66259000000001,60657,57.0
775,2018-2019,41.9555,-87.67925,60618,46.0
776,2016-2017,41.931599,-87.75569899999999,60639,19.0
777,2017-2018,41.87941,-87.63401999999999,60606,38.0
778,2015-2016,41.8177,-87.6063391,60653,2.0
779,2017-2018,41.73941,-87.72185,60652,69.0
780,2015-2016,41.911404,-87.6344718,60614,68.0
781,2018-2019,41.9133,-87.8056,60707,26.0
782,2017-2018,41.88285,-87.63061,60602,38.0
783,2015-2016,41.7788,-87.6997471,60629,64.0
784,2016-2017,41.7646314,-87.72197790000001,60629,63.0
785,2017-2018,41.97654,-87.65938,60640,76.0
786,2018-2019,41.87813,-87.63709,60606,38.0
787,2017-2018,41.88149,-87.68675999999999,60612,29.0
788,2015-2016,41.693599,-87.621099,60628,45.0
789,2018-2019,41.84108,-87.68606,60608,33.0
790,2015-2016,41.9679,-87.64985659999999,60640,31.0
791,2018-2019,41.8668,-87.64769,60608,29.0
792,2018-2019,41.9607,-87.7078,60618,16.0
793,2016-2017,41.9428398,-87.6896891,60618,46.0
794,2018-2019,41.8305,-87.6736,60609,56.0
795,2016-2017,41.9333442,-87.6450287,60657,57.0
796,2018-2019,41.8029,-87.6068,60615,4.0
797,2017-2018,41.9674,-87.6491,60640,31.0
798,2017-2018,41.70541,-87.72028,60655,73.0
799,2018-2019,41.858540000000005,-87.66024,60608,33.0
800,2015-2016,41.721899,-87.643799,60620,72.0
801,2016-2017,41.9624607,-87.684347,60625,6.0
802,2017-2018,41.97531,-87.78331999999999,60630,11.0
803,2016-2017,41.955099,-87.653999,60613,31.0
804,2017-2018,41.8668,-87.6396,60607,29.0
805,2014-2015,41.87940671,-87.63401786,60606,38.0
806,2017-2018,41.7731,-87.58774,60637,39.0
807,2018-2019,41.946259999999995,-87.71356999999999,60618,22.0
808,2017-2018,41.75147,-87.60731,60619,67.0
809,2015-2016,41.9317835,-87.6979694,60647,23.0
810,2017-2018,41.9041,-87.6302,60610,37.0
811,2017-2018,41.93988,-87.66259000000001,60657,57.0
812,2015-2016,41.7225,-87.5694,60617,48.0
813,2016-2017,41.92592,-87.64968,60614,68.0
814,2017-2018,41.8069,-87.67355,60609,59.0
815,2016-2017,41.9492722,-87.8069,60634,17.0
816,2017-2018,41.97506,-87.80648000000001,60656,36.0
817,2015-2016,41.8062408,-87.7174101,60632,54.0
818,2018-2019,41.9683,-87.73809,60630,14.0
819,2016-2017,41.722299,-87.575099,60617,48.0
820,2017-2018,41.99739,-87.70403,60659,20.0
821,2016-2017,41.8659711,-87.7115222,60624,30.0
822,2016-2017,41.8521873,-87.6677569,60608,33.0
823,2015-2016,41.853189,-87.635159,60616,35.0
824,2016-2017,41.984633,-87.791646,60631,36.0
825,2018-2019,41.7861,-87.7232,60629,60.0
826,2016-2017,41.931000000000004,-87.79915759999999,60707,18.0
827,2015-2016,41.808559,-87.665239,60609,59.0
828,2016-2017,41.85836,-87.66584,60608,33.0
829,2018-2019,41.780590000000004,-87.64621,60621,66.0
830,2016-2017,41.93865529999999,-87.745968,60641,19.0
831,2018-2019,41.958259999999996,-87.787,60634,17.0
832,2018-2019,41.9169,-87.7323,60639,21.0
833,2015-2016,41.925299,-87.666399,60614,68.0
834,2017-2018,41.73545,-87.74051,60652,69.0
835,2015-2016,41.757135299999995,-87.6242235,60619,67.0
836,2017-2018,41.9442,-87.7397,60641,16.0
837,2017-2018,41.993829999999996,-87.6608,60660,76.0
838,2017-2018,41.9104,-87.67734,60647,25.0
839,2016-2017,41.7299,-87.5469,60617,42.0
840,2016-2017,41.9542,-87.7031,60618,16.0
841,2018-2019,41.89018,-87.63728,60654,37.0
842,2017-2018,41.881440000000005,-87.68538000000001,60612,29.0
843,2018-2019,41.82497,-87.61232,60653,2.0
844,2016-2017,41.87962,-87.63993,60606,29.0
845,2016-2017,41.946259999999995,-87.71356999999999,60618,22.0
846,2015-2016,41.839541499999996,-87.6467929,60608,58.0
847,2016-2017,41.90945,-87.73597,60639,24.0
848,2018-2019,41.89997,-87.62833,60610,37.0
849,2017-2018,41.9253,-87.6664,60614,68.0
850,2018-2019,41.75028,-87.65446999999999,60620,70.0
851,2016-2017,41.77975,-87.7078,60629,64.0
852,2017-2018,41.93877,-87.76864,60634,15.0
853,2015-2016,41.9755789,-87.6926931,60625,6.0
854,2018-2019,41.91812,-87.63917,60614,68.0
855,2017-2018,41.7299,-87.5469,60617,42.0
856,2017-2018,41.87813,-87.63709,60606,38.0
857,2015-2016,41.7793,-87.6448,60621,66.0
858,2017-2018,41.867290000000004,-87.62694,60605,34.0
859,2018-2019,41.89606,-87.6541,60622,25.0
860,2016-2017,42.017998999999996,-87.690699,60645,20.0
861,2015-2016,41.7730989,-87.5877363,60637,39.0
862,2016-2017,42.0116257,-87.81824590000001,60631,77.0
863,2015-2016,41.929471,-87.6745948,60614,68.0
864,2017-2018,41.8806,-87.6307,60603,38.0
865,2017-2018,41.941179999999996,-87.64891999999999,60657,57.0
866,2017-2018,41.9378,-87.6495,60657,57.0
867,2016-2017,41.9750638,-87.8064809,60656,36.0
868,2015-2016,41.9093,-87.7756,60639,26.0
869,2018-2019,41.93866,-87.74597,60641,19.0
870,2018-2019,41.78707,-87.66549,60621,65.0
871,2015-2016,41.931599,-87.75569899999999,60639,19.0
872,2017-2018,41.73632,-87.58595,60619,44.0
873,2016-2017,41.93005,-87.76645,60639,19.0
874,2016-2017,41.765839,-87.57610600000001,60649,39.0
875,2016-2017,41.9343,-87.64183,60657,57.0
876,2016-2017,41.779090999999994,-87.615988,60637,67.0
877,2016-2017,41.9482,-87.66363,60613,57.0
878,2015-2016,41.786099,-87.723199,60629,60.0
879,2017-2018,41.7642,-87.6827,60636,64.0
880,2017-2018,41.91707,-87.73591,60639,21.0
881,2015-2016,41.721047799999994,-87.64299999999999,60628,72.0
882,2016-2017,41.808559,-87.665239,60609,59.0
883,2018-2019,41.96283,-87.68441999999999,60625,6.0
884,2017-2018,41.72987,-87.66242,60620,72.0
885,2015-2016,41.691725,-87.700985,60655,73.0
886,2018-2019,41.6922,-87.63535999999999,60628,45.0
887,2015-2016,41.8469,-87.7311,60623,32.0
888,2018-2019,41.883179999999996,-87.62454,60602,38.0
889,2018-2019,41.844159999999995,-87.70191,60623,32.0
890,2016-2017,41.9667527,-87.7600422,60630,15.0
891,2017-2018,41.88391,-87.63201,60602,38.0
892,2017-2018,41.79587,-87.68446,60609,61.0
893,2018-2019,41.9538,-87.68644,60618,46.0
894,2018-2019,41.8735,-87.70532,60612,28.0
895,2018-2019,41.97654,-87.65938,60640,76.0
896,2016-2017,41.9654,-87.6590379,60640,31.0
897,2017-2018,41.777190000000004,-87.7223,60629,63.0
898,2018-2019,41.9175,-87.7056,60647,23.0
899,2018-2019,41.88347,-87.6342,60606,38.0
900,2016-2017,41.764199,-87.682699,60636,64.0
901,2017-2018,41.7478,-87.66301,60620,70.0
902,2016-2017,41.954084,-87.65428,60613,57.0
903,2016-2017,41.682034,-87.53832840000001,60617,52.0
904,2018-2019,41.9311,-87.7596,60639,19.0
905,2015-2016,41.891071999999994,-87.617701,60611,37.0
906,2018-2019,41.73901,-87.69706,60652,69.0
907,2018-2019,41.858309999999996,-87.66577,60608,33.0
908,2015-2016,41.93865529999999,-87.745968,60641,19.0
909,2017-2018,41.91082,-87.64665,60610,37.0
910,2018-2019,41.765840000000004,-87.56700000000001,60649,39.0
911,2018-2019,41.73941,-87.72185,60652,69.0
912,2018-2019,41.97013,-87.70985999999999,60625,14.0
913,2015-2016,41.92024620000001,-87.7611,60639,19.0
914,2017-2018,41.89606,-87.6541,60622,25.0
915,2018-2019,41.7223,-87.5751,60617,48.0
916,2018-2019,41.78008,-87.64184,60621,66.0
917,2017-2018,41.88054,-87.63254,60603,38.0
918,2017-2018,41.95471,-87.74762,60641,15.0
919,2018-2019,41.9551,-87.654,60613,31.0
920,2016-2017,41.844156899999994,-87.7019104,60623,32.0
921,2015-2016,41.881494,-87.686759,60612,29.0
922,2015-2016,41.931526,-87.727027,60647,23.0
923,2017-2018,41.79527,-87.62904,60609,3.0
924,2016-2017,41.9178116,-87.6884002,60647,23.0
925,2018-2019,41.981429999999996,-87.66856,60640,76.0
926,2017-2018,41.7069,-87.6428,60628,45.0
927,2015-2016,41.9442,-87.7397,60641,16.0
928,2016-2017,41.95341,-87.68876999999999,60618,46.0
929,2016-2017,41.916899,-87.732299,60639,21.0
930,2017-2018,41.6926,-87.605,60628,47.0
931,2017-2018,41.8856,-87.63076,60601,38.0
932,2017-2018,41.67783,-87.68032,60643,74.0
933,2018-2019,41.97531,-87.78331999999999,60630,11.0
934,2015-2016,41.807598999999996,-87.723299,60632,54.0
935,2016-2017,41.939299,-87.670399,60657,57.0
936,2018-2019,41.95471,-87.74762,60641,15.0
937,2016-2017,41.882184,-87.628675,60601,38.0
938,2018-2019,41.941179999999996,-87.64891999999999,60657,57.0
939,2018-2019,41.9482,-87.66363,60613,57.0
940,2017-2018,41.704390000000004,-87.68196999999999,60643,71.0
941,2015-2016,41.792457,-87.8011242,60638,53.0
942,2016-2017,41.8028686,-87.6261,60609,4.0
943,2016-2017,41.721583,-87.61492709999999,60619,45.0
944,2017-2018,41.96825,-87.76696,60630,11.0
945,2017-2018,41.9311,-87.7596,60639,19.0
946,2017-2018,41.87979,-87.62729,60603,38.0
947,2016-2017,41.750859999999996,-87.64483,60620,70.0
948,2017-2018,41.7069,-87.67003000000001,60643,71.0
949,2018-2019,41.92103,-87.63769,60614,68.0
950,2015-2016,41.844156899999994,-87.7019104,60623,32.0
951,2015-2016,41.749266999999996,-87.614909,60619,40.0
952,2018-2019,41.9253,-87.6664,60614,68.0
953,2016-2017,41.90351,-87.66775,60622,25.0
954,2018-2019,41.93153,-87.72703,60647,23.0
955,2018-2019,41.903620000000004,-87.63113,60610,37.0
956,2018-2019,41.94927,-87.8069,60634,17.0
957,2018-2019,41.91838,-87.76475,60639,19.0
958,2016-2017,41.93745,-87.64407,60657,57.0
959,2017-2018,41.79981,-87.59466,60637,8.0
960,2016-2017,41.89553,-87.68772,60622,25.0
961,2018-2019,41.88064,-87.75553000000001,60644,26.0
962,2018-2019,41.89107,-87.6177,60611,37.0
963,2018-2019,41.87769,-87.69218000000001,60608,28.0
964,2017-2018,41.93285,-87.68753000000001,60618,23.0
965,2016-2017,41.9923135,-87.6602598,60660,76.0
966,2016-2017,41.88585,-87.62034,60601,38.0
967,2018-2019,41.8962,-87.62227,60611,37.0
968,2016-2017,41.96526,-87.65203000000001,60640,31.0
969,2017-2018,41.90333,-87.68772,60622,25.0
970,2016-2017,41.883911,-87.632012,60602,38.0
971,2016-2017,41.728499,-87.551399,60617,42.0
972,2017-2018,41.68203,-87.53833,60617,52.0
973,2017-2018,41.84209,-87.72483000000001,60623,32.0
974,2018-2019,41.853190000000005,-87.63516,60616,35.0
975,2017-2018,41.984629999999996,-87.79165,60631,36.0
976,2018-2019,42.000659999999996,-87.66107,60626,10.0
977,2018-2019,41.80856,-87.66524,60609,59.0
978,2018-2019,41.99022,-87.70659,60659,20.0
979,2018-2019,41.80624,-87.71741,60632,54.0
980,2017-2018,41.7749,-87.72836,60629,63.0
981,2018-2019,41.93285,-87.68753000000001,60618,23.0
982,2015-2016,41.8415,-87.6497,60608,58.0
983,2016-2017,41.765839,-87.56699499999999,60649,39.0
984,2018-2019,41.88221,-87.63904000000001,60606,29.0
985,2017-2018,41.6925,-87.6183,60628,45.0
986,2017-2018,41.984320000000004,-87.66072,60660,76.0
987,2018-2019,41.931779999999996,-87.69797,60647,23.0
988,2017-2018,41.68914,-87.62086,60628,45.0
989,2018-2019,41.91258,-87.65345,60614,68.0
990,2016-2017,41.8463,-87.61577,60606,34.0
991,2018-2019,41.865970000000004,-87.71152,60624,30.0
992,2017-2018,41.88347,-87.6342,60606,38.0
993,2015-2016,41.9873,-87.7026,60659,20.0
994,2017-2018,41.8305,-87.6736,60609,56.0
995,2016-2017,41.933819,-87.653644,60657,57.0
996,2015-2016,41.883055999999996,-87.628635,60602,38.0
997,2016-2017,41.932899,-87.648099,60614,57.0
998,2015-2016,41.9536669,-87.70746240000001,60618,16.0
999,2017-2018,42.000659999999996,-87.66107,60626,10.0
1000,2016-2017,41.79587,-87.68446,60609,61.0
1001,2015-2016,41.9387724,-87.7686351,60634,15.0
1002,2016-2017,41.7796,-87.6658529,60636,65.0
1003,2017-2018,41.77809,-87.77218,60638,62.0
1004,2015-2016,41.899966,-87.62833,60610,37.0
1005,2016-2017,41.965499,-87.667099,60640,31.0
1006,2016-2017,41.853189,-87.635159,60616,35.0
1007,2015-2016,41.793274600000004,-87.7276641,60632,60.0
1008,2018-2019,41.73545,-87.74051,60652,69.0
1009,2016-2017,41.894991499999996,-87.6215087,60611,37.0
1010,2018-2019,41.8443,-87.70772,60623,32.0
1011,2015-2016,41.9624607,-87.684347,60625,6.0
1012,2015-2016,41.8595,-87.690849,60608,30.0
1013,2017-2018,41.93363,-87.64574,60657,57.0
1014,2017-2018,41.95341,-87.68876999999999,60618,46.0
1015,2016-2017,41.867152600000004,-87.6471948,60608,29.0
1016,2016-2017,41.9636,-87.72818000000001,60630,14.0
1017,2016-2017,41.751298999999996,-87.575499,60649,42.0
1018,2016-2017,41.750280700000005,-87.6544662,60620,70.0
1019,2015-2016,41.99598029999999,-87.7880338,60646,36.0
1020,2017-2018,41.9243,-87.6395,60614,68.0
1021,2017-2018,41.96246,-87.68435,60625,6.0
1022,2017-2018,41.939840000000004,-87.65216,60657,57.0
1023,2017-2018,41.85836,-87.66584,60608,33.0
1024,2016-2017,41.96739,-87.7599,60630,15.0
1025,2016-2017,41.729867999999996,-87.66241600000001,60620,72.0
1026,2015-2016,41.939299,-87.670399,60657,57.0
1027,2017-2018,41.82506,-87.68519,60609,56.0
1028,2016-2017,41.9397,-87.6888,60618,46.0
1029,2017-2018,41.9114,-87.63447,60614,68.0
1030,2015-2016,41.9973,-87.7011182,60659,20.0
1031,2015-2016,41.79526729999999,-87.6290395,60609,3.0
1032,2016-2017,41.9547148,-87.7476248,60641,15.0
1033,2016-2017,41.75036,-87.6819,60652,69.0
1034,2018-2019,41.85836,-87.66584,60608,33.0
1035,2018-2019,41.713359999999994,-87.56563,60617,48.0
1036,2018-2019,41.86665,-87.7303,60624,30.0
1037,2018-2019,41.89627,-87.66922,60622,25.0
1038,2018-2019,41.881440000000005,-87.68538000000001,60612,29.0
1039,2016-2017,41.91933,-87.69008000000001,60647,23.0
1040,2018-2019,41.8069,-87.67355,60609,59.0
1041,2015-2016,41.886998999999996,-87.62469899999999,60601,38.0
1042,2018-2019,41.7564,-87.7222,60652,63.0
1043,2015-2016,41.893499,-87.630899,60654,37.0
1044,2018-2019,41.97518,-87.76767,60630,11.0
1045,2018-2019,41.9104,-87.67734,60647,25.0
1046,2016-2017,41.802899,-87.606799,60615,4.0
1047,2017-2018,41.93363,-87.64574,60657,57.0
1048,2016-2017,41.88221,-87.63904000000001,60606,29.0
1049,2017-2018,41.881879999999995,-87.63393,60606,38.0
1050,2017-2018,41.97627,-87.78856999999999,60656,36.0
1051,2016-2017,41.9973,-87.7011182,60659,20.0
1052,2018-2019,41.93745,-87.64407,60657,57.0
1053,2018-2019,41.9458,-87.7667,60634,15.0
1054,2018-2019,41.8856,-87.63076,60601,38.0
1055,2018-2019,41.79407,-87.70334,60632,61.0
1056,2017-2018,41.94927,-87.8069,60634,17.0
1057,2017-2018,41.9104,-87.6889,60647,25.0
1058,2016-2017,41.91258,-87.65345,60614,68.0
1059,2017-2018,41.7662,-87.5687,60649,39.0
1060,2017-2018,41.8803,-87.6467,60661,29.0
1061,2017-2018,41.887,-87.6247,60601,38.0
1062,2015-2016,41.7564,-87.7222,60652,63.0
1063,2017-2018,41.75953,-87.6694,60636,65.0
1064,2018-2019,41.8463,-87.61577,60606,34.0
1065,2015-2016,41.7796,-87.6658529,60636,65.0
1066,2015-2016,41.940199,-87.644599,60657,57.0
1067,2015-2016,42.0153333,-87.6683,60626,10.0
1068,2017-2018,41.91765,-87.72352,60647,23.0
1069,2017-2018,41.77997,-87.64626,60621,66.0
1070,2016-2017,41.965366499999995,-87.65176020000001,60640,31.0
1071,2017-2018,41.69173,-87.70099,60655,73.0
1072,2018-2019,41.9847,-87.8227,60631,36.0
1073,2015-2016,41.737099,-87.605299,60619,40.0
1074,2016-2017,41.924173700000004,-87.78781190000001,60707,19.0
1075,2017-2018,41.7987,-87.7431,60638,53.0
1076,2016-2017,41.841081,-87.686063,60608,33.0
1077,2016-2017,41.7800823,-87.6418432,60621,66.0
1078,2016-2017,41.924299,-87.639499,60614,68.0
1079,2017-2018,41.865970000000004,-87.71152,60624,30.0
1080,2015-2016,41.993701,-87.6900988,60659,20.0
1081,2018-2019,41.7642,-87.6827,60636,64.0
1082,2016-2017,41.7378276,-87.6048752,60619,40.0
1083,2017-2018,41.9607,-87.7078,60618,16.0
1084,2017-2018,41.9329,-87.6481,60614,57.0
1085,2015-2016,41.8856012,-87.6307608,60601,38.0
1086,2016-2017,41.937799,-87.649499,60657,57.0
1087,2018-2019,41.8076,-87.7233,60632,54.0
1088,2016-2017,41.87979,-87.627285,60603,38.0
1089,2018-2019,41.72896,-87.55483000000001,60617,44.0
1090,2015-2016,41.908962700000004,-87.7651214,60651,26.0
1091,2015-2016,42.017998999999996,-87.690699,60645,20.0
1092,2015-2016,41.7478,-87.66301,60620,70.0
1093,2014-2015,41.75036,-87.6819,60652,69.0
1094,2015-2016,41.957708000000004,-87.746996,60641,15.0
1095,2015-2016,41.9482,-87.66363,60613,57.0
1096,2014-2015,41.73632,-87.58595,60619,44.0
1097,2014-2015,41.8845429,-87.62780267,60601,38.0
1098,2014-2015,41.931599,-87.75569899999999,60639,19.0
1099,2016-2017,41.759525,-87.66940100000001,60636,65.0
1100,2014-2015,41.802899,-87.606799,60615,4.0
1101,2014-2015,41.84415689,-87.70191037,60623,32.0
1102,2014-2015,41.92592,-87.64968,60614,68.0
1103,2014-2015,41.85836,-87.66584,60608,33.0
1104,2014-2015,41.98772317,-87.70313536,60659,20.0
1105,2015-2016,41.8667244,-87.6259612,60605,34.0
1106,2014-2015,41.948199,-87.648099,60613,57.0
1107,2014-2015,41.721899,-87.643799,60620,72.0
1108,2014-2015,41.95341848,-87.72805641,60641,16.0
1109,2014-2015,41.94609481,-87.70828529,60618,22.0
1110,2015-2016,41.96139779999999,-87.654593,60613,31.0
1111,2014-2015,41.75713527,-87.6242235,60619,67.0
1112,2014-2015,41.84332,-87.72483000000001,60623,32.0
1113,2014-2015,41.68033221,-87.66258468,60643,74.0
1114,2014-2015,41.751298999999996,-87.575499,60649,42.0
1115,2014-2015,41.68913818,-87.62086262,60628,45.0
1116,2014-2015,41.79981,-87.59466,60637,8.0
1117,2015-2016,41.97627,-87.78856999999999,60656,36.0
1118,2014-2015,41.9458,-87.7667,60634,15.0
1119,2015-2016,41.79981,-87.59466,60637,8.0
1120,2014-2015,41.84134899,-87.64950769,60608,58.0
1121,2014-2015,41.79977912,-87.66479119,60609,59.0
1122,2014-2015,41.86408724,-87.72019666,60623,30.0
1123,2014-2015,41.93419517,-87.64140394,60657,57.0
1124,2014-2015,41.93853,-87.78574,60634,17.0
1125,2014-2015,41.84111018,-87.68542554,60608,33.0
1126,2015-2016,41.7228848,-87.6628621,60620,72.0
1127,2014-2015,41.88602,-87.62393,60601,38.0
1128,2015-2016,41.90333,-87.68772,60622,25.0
1129,2014-2015,41.77808509,-87.77217985,60638,62.0
1130,2014-2015,41.97506375,-87.80648088,60656,36.0
1131,2014-2015,41.91095006,-87.72605814,60639,24.0
1132,2014-2015,41.72226320000001,-87.58291763,60617,48.0
1133,2015-2016,41.73545,-87.74051,60652,69.0
1134,2015-2016,41.837709999999994,-87.64539,60608,58.0
1135,2014-2015,41.866799,-87.639599,60607,29.0
1136,2014-2015,41.7069,-87.67003000000001,60643,71.0
1137,2015-2016,41.777190000000004,-87.7223,60629,63.0
1138,2015-2016,41.8797193,-87.6246208,60603,38.0
1139,2014-2015,41.73911603,-87.60474482,60619,40.0
1140,2014-2015,41.72896,-87.55483000000001,60617,44.0
1141,2015-2016,41.9062961,-87.66986379999999,60622,25.0
1142,2015-2016,41.948004600000004,-87.6641862,60613,57.0
1143,2014-2015,41.88998586,-87.62443082,60611,37.0
1144,2014-2015,41.9555,-87.67925,60618,46.0
1145,2014-2015,41.96526739,-87.65923798,60640,31.0
1146,2014-2015,41.764998,-87.725192,60629,63.0
1147,2014-2015,41.90196538,-87.770276,60651,26.0
1148,2014-2015,41.80181109,-87.63056018,60609,3.0
1149,2014-2015,41.8779,-87.63343,60604,38.0
1150,2015-2016,41.95341,-87.68876999999999,60618,46.0
1151,2015-2016,41.87962,-87.63993,60606,29.0
1152,2014-2015,41.82505916,-87.68518992,60609,56.0
1153,2014-2015,41.88221,-87.63904000000001,60606,29.0
1154,2014-2015,41.68203396,-87.53832835,60617,52.0
1155,2014-2015,41.7299276,-87.66274575,60620,72.0
1156,2014-2015,41.830498999999996,-87.673599,60609,56.0
1157,2014-2015,41.73652797,-87.66342805,60620,70.0
1158,2014-2015,41.97948497,-87.65980734,60640,76.0
1159,2015-2016,41.93005,-87.76645,60639,19.0
1160,2014-2015,41.87812749,-87.63709139,60606,38.0
1161,2015-2016,41.89018,-87.63728,60654,37.0
1162,2014-2015,41.98431526,-87.66071547,60660,76.0
1163,2015-2016,41.89606,-87.6541,60622,25.0
1164,2014-2015,41.94283984,-87.68968913,60618,46.0
1165,2014-2015,41.70260618,-87.53613075,60617,49.0
1166,2014-2015,42.01553264,-87.66826811,60626,10.0
1167,2014-2015,41.86625418,-87.66652414,60608,29.0
1168,2014-2015,41.7987,-87.743095,60638,53.0
1169,2014-2015,41.750859999999996,-87.64483,60620,70.0
1170,2014-2015,41.844099,-87.724799,60623,32.0
1171,2014-2015,41.90896274,-87.76512144,60651,26.0
1172,2015-2016,41.72226320000001,-87.5829176,60617,48.0
1173,2014-2015,41.79245699,-87.80112416,60638,53.0
1174,2015-2016,41.9460948,-87.7082853,60618,22.0
1175,2014-2015,41.70541,-87.72028,60655,73.0
1176,2015-2016,41.88297,-87.64164,60661,29.0
1177,2014-2015,41.90333,-87.68772,60622,25.0
1178,2014-2015,41.75200035,-87.65363097,60620,70.0
1179,2014-2015,41.89553,-87.68772,60622,25.0
1180,2014-2015,41.880599,-87.63069899999999,60603,38.0
1181,2015-2016,41.692609999999995,-87.68078,60643,74.0
1182,2014-2015,42.016399,-87.675799,60626,10.0
1183,2014-2015,41.990221999999996,-87.706587,60659,20.0
1184,2014-2015,41.94800455,-87.66418623,60613,57.0
1185,2015-2016,41.801969,-87.704528,60632,61.0
1186,2014-2015,41.9973,-87.70062,60659,20.0
1187,2015-2016,41.88602,-87.62393,60601,38.0
1188,2015-2016,41.764998,-87.725192,60629,63.0
1189,2014-2015,41.90629606,-87.66986375,60622,25.0
1190,2015-2016,41.888918200000006,-87.644478,60661,25.0
1191,2014-2015,41.893499,-87.630899,60654,37.0
1192,2014-2015,41.96825,-87.76696,60630,11.0
1193,2015-2016,41.9108229,-87.64664640000001,60610,37.0
1194,2014-2015,41.95471477,-87.74762481,60641,15.0
1195,2014-2015,41.92395783,-87.74717999,60639,19.0
1196,2015-2016,41.96739,-87.7599,60630,15.0
1197,2014-2015,41.79554705,-87.58803372,60615,8.0
1198,2014-2015,41.88560119,-87.63076082,60601,38.0
1199,2014-2015,41.67783092,-87.68031916,60643,74.0
1200,2014-2015,41.693599,-87.621099,60628,45.0
1201,2014-2015,41.94638465,-87.64652486,60657,57.0
1202,2015-2016,41.9923135,-87.6602598,60660,76.0
1203,2014-2015,41.940199,-87.644599,60657,57.0
1204,2015-2016,41.7069,-87.67003000000001,60643,71.0
1205,2014-2015,42.000659999999996,-87.66107,60626,10.0
1206,2015-2016,41.935472,-87.6686545,60657,57.0
1207,2014-2015,41.73615438,-87.62724033,60620,40.0
1208,2014-2015,41.778599,-87.702699,60629,64.0
1209,2015-2016,41.87979,-87.62729,60603,38.0
1210,2014-2015,41.85218729,-87.66775694,60608,33.0
1211,2014-2015,41.777190000000004,-87.7223,60629,63.0
1212,2014-2015,41.925299,-87.666399,60614,68.0
1213,2014-2015,41.73545,-87.74051,60652,69.0
1214,2015-2016,41.982695,-87.6687381,60640,76.0
1215,2014-2015,41.99231345,-87.66025982,60660,76.0
1216,2014-2015,41.87950204,-87.62811568,60603,38.0
1217,2014-2015,41.809899,-87.593299,60653,5.0
1218,2014-2015,41.97627,-87.78856999999999,60656,36.0
1219,2015-2016,41.9555,-87.67925,60618,46.0
1220,2015-2016,41.9133,-87.8056,60707,26.0
1221,2014-2015,41.92579049,-87.74869168,60639,19.0
1222,2014-2015,41.91933,-87.69008000000001,60647,23.0
1223,2014-2015,41.706222,-87.681407,60643,71.0
1224,2015-2016,41.87539,-87.6278,60605,38.0
1225,2014-2015,41.903620000000004,-87.63113,60610,37.0
1226,2014-2015,41.75687639,-87.72232174,60652,63.0
1227,2014-2015,41.89018,-87.63728,60654,37.0
1228,2014-2015,41.9555,-87.67925,60618,46.0
1229,2014-2015,41.737099,-87.605299,60619,40.0
1230,2015-2016,41.97531,-87.78331999999999,60630,11.0
1231,2015-2016,41.989639000000004,-87.70546,60659,20.0
1232,2014-2015,41.94400913,-87.82748193,60634,17.0
1233,2015-2016,41.993829999999996,-87.6608,60660,76.0
1234,2015-2016,41.8779,-87.63343,60604,38.0
1235,2014-2015,41.879434,-87.642892,60661,29.0
1236,2014-2015,41.97517837,-87.76766892,60630,11.0
1237,2014-2015,41.88144131,-87.68537847,60612,29.0
1238,2014-2015,41.73001522,-87.54686597,60617,42.0
1239,2014-2015,41.93745,-87.64407,60657,57.0
1240,2015-2016,41.70685,-87.7008,60655,73.0
1241,2014-2015,41.75780566,-87.58626826,60649,39.0
1242,2015-2016,41.993829999999996,-87.6608,60660,76.0
1243,2014-2015,41.9108229,-87.64664636,60610,37.0
1244,2014-2015,41.580288,-87.556226,60438,
1245,2014-2015,41.92787172,-87.67325881,60614,68.0
1246,2014-2015,41.896319,-87.636896,60654,37.0
1247,2014-2015,41.813457799999995,-87.70467192,60632,55.0
1248,2014-2015,41.904099,-87.630199,60610,37.0
1249,2014-2015,41.93951813,-87.71351911,60618,22.0
1250,2014-2015,41.88065318,-87.70626006,60612,28.0
1251,2014-2015,41.96739,-87.7599,60630,15.0
1252,2015-2016,41.939879499999996,-87.6625923,60657,57.0
1253,2014-2015,41.91860889,-87.76557448,60639,19.0
1254,2014-2015,41.97654,-87.65938,60640,76.0
1255,2015-2016,41.9636,-87.72818000000001,60630,14.0
1256,2014-2015,41.9482,-87.66363,60613,57.0
1257,2014-2015,41.81050638,-87.61676819,60653,4.0
1258,2014-2015,41.69158354,-87.53513332,60617,49.0
1259,2014-2015,41.88347,-87.6342,60606,38.0
1260,2015-2016,41.9530124,-87.7875707,60634,17.0
1261,2014-2015,41.89620345,-87.62227296,60611,37.0
1262,2014-2015,41.88188255,-87.63392902,60606,38.0
1263,2015-2016,41.9463847,-87.6465249,60657,57.0
1264,2014-2015,41.852099,-87.674099,60608,33.0
1265,2014-2015,41.88076971,-87.72094145,60624,27.0
1266,2015-2016,41.90205,-87.71488000000001,60651,24.0
1267,2014-2015,41.77847294,-87.64460838,60621,66.0
1268,2014-2015,41.831964500000005,-87.61641230000001,60616,1.0
1269,2015-2016,41.87979,-87.62729,60603,38.0
1270,2014-2015,41.73941,-87.72185,60652,69.0
1271,2014-2015,41.90388396,-87.6394372,60610,37.0
1272,2014-2015,41.92542239,-87.65376057,60614,68.0
1273,2015-2016,41.894991499999996,-87.6215087,60611,37.0
1274,2015-2016,41.903884000000005,-87.6394372,60610,37.0
1275,2015-2016,41.79587,-87.68446,60609,61.0
1276,2014-2015,41.91812,-87.63917,60614,68.0
1277,2015-2016,41.580288,-87.556226,60438,
1278,2015-2016,41.946259999999995,-87.71356999999999,60618,22.0
1279,2015-2016,41.9278717,-87.6732588,60614,68.0
1280,2014-2015,41.94118415,-87.64892469,60657,57.0
1281,2014-2015,41.95380404,-87.68643896,60618,46.0
1282,2015-2016,41.757805700000006,-87.5862683,60649,39.0
1283,2014-2015,41.80856817,-87.64615417,60609,59.0
1284,2015-2016,41.954084,-87.65428,60613,57.0
1285,2014-2015,41.984699,-87.822699,60631,36.0
1286,2014-2015,41.93822,-87.64878,60657,57.0
1287,2014-2015,41.93877242,-87.76863505,60634,15.0
1288,2014-2015,41.88318097,-87.62453715,60602,38.0
1289,2014-2015,41.7478,-87.66301,60620,70.0
1290,2014-2015,41.78008228,-87.64184321,60621,66.0
1291,2014-2015,41.88585,-87.62034,60601,38.0
1292,2014-2015,41.95355444,-87.74505531,60641,15.0
1293,2014-2015,41.9482,-87.66363,60613,57.0
1294,2014-2015,41.89508655,-87.74929345,60651,26.0
1295,2015-2016,41.93745,-87.64407,60657,57.0
1296,2015-2016,41.7069,-87.6428,60628,45.0
1297,2014-2015,41.74617885,-87.68290226,60620,69.0
1298,2014-2015,41.93793162,-87.79640462,60634,18.0
1299,2015-2016,41.96094,-87.71236,60618,16.0
1300,2014-2015,41.93002546,-87.67533354,60614,68.0
1301,2014-2015,41.807899,-87.684699,60609,55.0
1302,2015-2016,41.73941,-87.72185,60652,69.0
1303,2014-2015,41.8178417,-87.60630226,60653,2.0
1304,2014-2015,41.867290999999994,-87.626941,60605,34.0
1305,2015-2016,41.91258,-87.65345,60614,68.0
1306,2014-2015,41.86672435,-87.62596115,60605,34.0
1307,2014-2015,41.70440437,-87.68170682,60643,71.0
1308,2014-2015,41.95341,-87.68876999999999,60618,46.0
1309,2014-2015,41.96685955,-87.64913504,60640,31.0
1310,2014-2015,41.93363,-87.64574,60657,57.0
1311,2014-2015,41.83070169,-87.62339535,60653,1.0
1312,2014-2015,41.946259999999995,-87.71356999999999,60618,22.0
1313,2015-2016,41.8463,-87.61577,60606,34.0
1314,2015-2016,41.72896,-87.55483000000001,60617,44.0
1315,2014-2015,41.722299,-87.575099,60617,48.0
1316,2014-2015,41.96789996,-87.64985656,60640,31.0
1317,2015-2016,41.97654,-87.65938,60640,76.0
1318,2015-2016,41.9756278,-87.7294853,60630,13.0
1319,2014-2015,41.76463142,-87.72197792,60629,63.0
1320,2014-2015,41.96536653,-87.65176024,60640,31.0
1321,2014-2015,41.955099,-87.653999,60613,31.0
1322,2015-2016,41.9482,-87.66363,60613,57.0
1323,2014-2015,41.88297,-87.64164,60661,29.0
1324,2015-2016,41.88902,-87.6317,60610,37.0
1325,2014-2015,41.92479,-87.72591,60647,23.0
1326,2015-2016,41.7997791,-87.6647912,60609,59.0
1327,2014-2015,41.92629696,-87.78569482,60639,19.0
1328,2014-2015,41.9636,-87.72818000000001,60630,14.0
1329,2015-2016,41.96825,-87.76696,60630,11.0
1330,2014-2015,41.96850056,-87.72876,60630,14.0
1331,2014-2015,41.80614219,-87.7174279,60632,54.0
1332,2015-2016,41.90351,-87.66775,60622,25.0
1333,2014-2015,41.871373999999996,-87.627161,60605,38.0
1334,2014-2015,41.93334417,-87.64502865,60657,57.0
1335,2014-2015,41.7371519,-87.58436903,60617,41.0
1336,2014-2015,41.99737353,-87.70402724,60659,20.0
1337,2014-2015,41.97531,-87.78331999999999,60630,11.0
1338,2015-2016,41.88054,-87.63254,60603,38.0
1339,2014-2015,41.94450485,-87.73951111,60641,16.0
1340,2014-2015,41.93955208,-87.68995659,60618,46.0
1341,2014-2015,41.90205,-87.71488000000001,60651,24.0
1342,2014-2015,41.88310054,-87.63033121,60602,38.0
1343,2015-2016,41.8275839,-87.68245440000001,60609,56.0
1344,2014-2015,41.924299,-87.639499,60614,68.0
1345,2014-2015,41.706799,-87.620699,60628,45.0
1346,2014-2015,41.98269498,-87.66873807,60640,76.0
1347,2015-2016,41.96526,-87.65203000000001,60640,31.0
1348,2014-2015,41.78707,-87.66549,60621,65.0
1349,2014-2015,42.01162566,-87.81824590000001,60631,77.0
1350,2014-2015,41.993829999999996,-87.6608,60660,76.0
1351,2014-2015,41.94318737,-87.68830202,60618,46.0
1352,2015-2016,41.88097,-87.7061,60612,28.0
1353,2015-2016,41.9333442,-87.6450287,60657,57.0
1354,2014-2015,41.79608859,-87.76174396,60638,53.0
1355,2014-2015,41.92417373,-87.78781190000001,60707,19.0
1356,2015-2016,41.506809999999994,-87.64059,60411,
1357,2014-2015,41.79981,-87.59466,60637,8.0
1358,2015-2016,41.96825,-87.76696,60630,11.0
1359,2014-2015,41.899966,-87.62833,60610,37.0
1360,2014-2015,41.95366692,-87.70746241,60618,16.0
1361,2014-2015,41.932899,-87.648099,60614,57.0
1362,2014-2015,41.90945,-87.73597,60639,24.0
1363,2014-2015,41.90413,-87.62825,60610,37.0
1364,2014-2015,41.9133,-87.8056,60707,26.0
1365,2015-2016,41.70541,-87.72028,60655,73.0
1366,2014-2015,41.93178352,-87.69796936,60647,23.0
1367,2015-2016,41.879434,-87.642892,60661,29.0
1368,2014-2015,41.91140402,-87.63447176,60614,68.0
1369,2015-2016,41.88347,-87.6342,60606,38.0
1370,2015-2016,41.93363,-87.64574,60657,57.0
1371,2014-2015,41.910399,-87.68889899999999,60647,25.0
1372,2014-2015,41.960699,-87.707799,60618,16.0
1373,2014-2015,41.88126893,-87.68658174,60612,29.0
1374,2014-2015,41.95854835,-87.78691899,60634,17.0
1375,2015-2016,41.6803322,-87.66258470000001,60643,74.0
1376,2014-2015,41.954084,-87.65428,60613,57.0
1377,2014-2015,41.957719,-87.80550699999999,60706,
1378,2015-2016,42.0192886,-87.67505849999999,60626,10.0
1379,2014-2015,41.87539,-87.6278,60605,38.0
1380,2014-2015,41.79406776,-87.7033353,60632,61.0
1381,2014-2015,41.86452119,-87.6393041,60607,29.0
1382,2014-2015,41.886998999999996,-87.62469899999999,60601,38.0
1383,2014-2015,41.70685,-87.7008,60655,73.0
1384,2014-2015,41.91781164,-87.68840015,60647,23.0
1385,2015-2016,41.957719,-87.80550699999999,60706,
1386,2014-2015,41.93958895,-87.72518701,60618,22.0
1387,2014-2015,41.916899,-87.732299,60639,21.0
1388,2015-2016,41.894439399999996,-87.6174869,60611,37.0
1389,2014-2015,41.910099,-87.745099,60639,26.0
1390,2014-2015,41.72288479,-87.66286211,60620,72.0
1391,2014-2015,41.93547203,-87.66865454,60657,57.0
1392,2014-2015,41.88063823,-87.75552784,60644,26.0
1393,2015-2016,41.85836,-87.66584,60608,33.0
1394,2014-2015,41.95510787,-87.76228458,60641,15.0
1395,2015-2016,41.968999999999994,-87.67948,60625,6.0
1396,2014-2015,41.87979,-87.62729,60603,38.0
1397,2014-2015,41.94808109,-87.70771258,60618,16.0
1398,2014-2015,41.95301236,-87.78757073,60634,17.0
1399,2014-2015,41.72077015,-87.66350870000001,60643,71.0
1400,2014-2015,41.96881215,-87.68843895,60625,6.0
1401,2015-2016,41.974543,-87.8113469,60656,36.0
1402,2014-2015,41.87971934,-87.62462083,60603,38.0
1403,2015-2016,41.9431874,-87.68830200000001,60618,46.0
1404,2014-2015,41.903620000000004,-87.63113,60610,37.0
1405,2014-2015,42.01928855,-87.67505851,60626,10.0
1406,2014-2015,41.80680851,-87.6736573,60609,59.0
1407,2014-2015,41.77890901,-87.70004801,60629,64.0
1408,2015-2016,41.78707,-87.66549,60621,65.0
1409,2015-2016,41.91933,-87.69008000000001,60647,23.0
1410,2014-2015,41.72158302,-87.61492709,60619,45.0
1411,2015-2016,41.73632,-87.58595,60619,44.0
1412,2014-2015,41.75028068,-87.65446619,60620,70.0
1413,2014-2015,41.91929371,-87.68761394,60647,23.0
1414,2014-2015,41.87979,-87.62729,60603,38.0
1415,2015-2016,41.903620000000004,-87.63113,60610,37.0
1416,2014-2015,41.981429,-87.668555,60640,76.0
1417,2014-2015,41.96526,-87.65203000000001,60640,31.0
1418,2014-2015,41.959959000000005,-87.766729,60634,15.0
1419,2014-2015,41.933819,-87.653644,60657,57.0
1420,2015-2016,41.84332,-87.72483000000001,60623,32.0
1421,2015-2016,41.9973,-87.70062,60659,20.0
1422,2014-2015,41.73008229,-87.61181885,60619,40.0
1423,2014-2015,41.96296686,-87.68469465,60625,6.0
1424,2014-2015,41.76592995,-87.58000943,60649,39.0
1425,2014-2015,41.89443937,-87.61748686,60611,37.0
1426,2014-2015,41.97454295,-87.81134688,60656,36.0
1427,2015-2016,41.8899859,-87.6244308,60611,37.0
1428,2014-2015,41.79587,-87.68446,60609,61.0
1429,2014-2015,41.993415999999996,-87.660775,60660,76.0
1430,2015-2016,41.864521200000006,-87.6393041,60607,29.0
1431,2014-2015,41.84430484,-87.70771923,60623,32.0
1432,2014-2015,41.94106,-87.72754,60641,16.0
1433,2015-2016,41.93822,-87.64878,60657,57.0
1434,2014-2015,41.93983941,-87.65216148,60657,57.0
1435,2014-2015,41.85760123,-87.66116376,60608,33.0
1436,2015-2016,41.8807697,-87.72094150000001,60624,27.0
1437,2015-2016,41.93285,-87.68753000000001,60618,23.0
1438,2014-2015,41.96687805,-87.76006384,60630,15.0
1439,2014-2015,41.93005,-87.76645,60639,19.0
1440,2014-2015,41.765839,-87.57610600000001,60649,39.0
1441,2014-2015,41.88891817,-87.64447797,60661,25.0
1442,2014-2015,41.82315254,-87.68056215,60609,56.0
1443,2015-2016,41.91812,-87.63917,60614,68.0
1444,2014-2015,41.937799,-87.649499,60657,57.0
1445,2014-2015,41.957708000000004,-87.746996,60641,15.0
1446,2014-2015,41.83954147,-87.64679288,60608,58.0
1447,2014-2015,41.9660114,-87.83683117,60656,75.0
1448,2015-2016,41.9555,-87.67925,60618,46.0
1449,2014-2015,41.7069,-87.6428,60628,45.0
1450,2015-2016,41.88221,-87.63904000000001,60606,29.0
1451,2014-2015,41.77969238,-87.64142791,60621,66.0
1452,2014-2015,41.77309894,-87.58773627,60637,39.0
1453,2015-2016,41.79981,-87.59466,60637,8.0
1454,2014-2015,41.506809999999994,-87.64059,60411,
1455,2014-2015,41.74982767,-87.68209182,60620,69.0
1456,2015-2016,41.86681,-87.65684,60608,29.0
1457,2014-2015,41.92492472,-87.71144720000001,60647,23.0
1458,2015-2016,41.903620000000004,-87.63113,60610,37.0
1459,2014-2015,41.939299,-87.670399,60657,57.0
1460,2014-2015,41.86188081,-87.62417382,60605,34.0
1461,2014-2015,41.8463,-87.61577,60606,34.0
1462,2014-2015,41.692609999999995,-87.68078,60643,74.0
1463,2014-2015,41.87358152,-87.70556418,60612,28.0
1464,2015-2016,41.9458,-87.7667,60634,15.0
1465,2015-2016,41.8662542,-87.66652409999999,60608,29.0
1466,2014-2015,41.93285,-87.68753000000001,60618,23.0
1467,2014-2015,41.98298852,-87.79153829999998,60631,36.0
1468,2015-2016,41.871373999999996,-87.627161,60605,38.0
1469,2014-2015,41.8806,-87.62576,60603,38.0
1470,2015-2016,41.92592,-87.64968,60614,68.0
1471,2015-2016,41.9398394,-87.6521615,60657,57.0
1472,2015-2016,41.93853,-87.78574,60634,17.0
1473,2014-2015,41.808559,-87.665239,60609,59.0
1474,2015-2016,41.979485,-87.6598073,60640,76.0
1475,2015-2016,41.90945,-87.73597,60639,24.0
1476,2014-2015,41.90351,-87.66775,60622,25.0
1477,2014-2015,41.891071999999994,-87.617701,60611,37.0
1478,2014-2015,41.86597108,-87.7115222,60624,30.0
1479,2014-2015,41.96139778,-87.65459297,60613,31.0
1480,2014-2015,41.786099,-87.723199,60629,60.0
1481,2014-2015,41.764199,-87.682699,60636,64.0
1482,2014-2015,41.96825,-87.76696,60630,11.0
1483,2014-2015,41.91258,-87.65345,60614,68.0
1484,2015-2016,41.7795,-87.64513000000001,60652,66.0
1485,2014-2015,42.017998999999996,-87.690699,60645,20.0
1486,2014-2015,41.939799,-87.653999,60657,57.0
1487,2014-2015,41.77874319,-87.60574677,60637,9.0
1488,2014-2015,41.691725,-87.700985,60655,73.0
1489,2014-2015,41.97562783,-87.72948525,60630,13.0
1490,2014-2015,41.931526,-87.727027,60647,23.0
1491,2014-2015,41.70541,-87.72028,60655,73.0
1492,2014-2015,41.7795,-87.64513000000001,60652,66.0
1493,2015-2016,41.75036,-87.6819,60652,69.0
1494,2014-2015,41.96824084,-87.73813186,60630,14.0
1495,2014-2015,41.853189,-87.635159,60616,35.0
1496,2014-2015,41.78328947,-87.6593057,60636,65.0
1497,2015-2016,41.94106,-87.72754,60641,16.0
1498,2015-2016,42.000659999999996,-87.66107,60626,10.0
1499,2014-2015,41.88097,-87.7061,60612,28.0
1500,2014-2015,41.69272336,-87.60450587,60628,47.0
1501,2014-2015,41.76448442,-87.61540433,60619,67.0
1502,2015-2016,41.70541,-87.72028,60655,73.0
1503,2014-2015,41.87962,-87.63993,60606,29.0
1504,2014-2015,41.945399,-87.775399,60634,15.0
1505,2014-2015,41.96094,-87.71236,60618,16.0
1506,2014-2015,41.757226,-87.586265,60649,39.0
1507,2014-2015,41.89665694,-87.62406876,60611,37.0
1508,2014-2015,41.99370103,-87.69009881,60659,20.0
1509,2015-2016,41.7960866,-87.72338859999999,60632,60.0
1510,2014-2015,41.965499,-87.667099,60640,31.0
1511,2014-2015,41.779090999999994,-87.615988,60637,67.0
1512,2015-2016,41.9104,-87.67734300000001,60647,25.0
1513,2014-2015,41.883055999999996,-87.628635,60602,38.0
1514,2015-2016,41.7943549,-87.7705272,60638,53.0
1515,2015-2016,41.993415999999996,-87.660775,60660,76.0
1516,2014-2015,41.89499151,-87.62150867,60611,37.0
1517,2014-2015,41.880299,-87.646699,60661,29.0
1518,2014-2015,41.89606,-87.6541,60622,25.0
1519,2015-2016,41.7361544,-87.6272403,60620,40.0
1520,2014-2015,41.7217013,-87.63355778,60628,72.0
1521,2014-2015,41.79608656,-87.72338864,60632,60.0
1522,2014-2015,41.88902,-87.6317,60610,37.0
1523,2015-2016,41.93363,-87.64574,60657,57.0
1524,2014-2015,41.807598999999996,-87.723299,60632,54.0
1525,2014-2015,41.88054,-87.63254,60603,38.0
1526,2014-2015,41.93363,-87.64574,60657,57.0
1527,2014-2015,41.989639000000004,-87.70546,60659,20.0
1528,2014-2015,41.9104,-87.67734300000001,60647,25.0
1529,2014-2015,41.993829999999996,-87.6608,60660,76.0
1530,2014-2015,41.801969,-87.704528,60632,61.0
1531,2014-2015,41.77486501,-87.72884225,60629,63.0
1532,2015-2016,41.750859999999996,-87.64483,60620,70.0
1533,2015-2016,41.9411842,-87.6489247,60657,57.0
1534,2014-2015,41.6923314,-87.6354432,60628,45.0
1535,2014-2015,41.79327456,-87.72766409,60632,60.0
1536,2015-2016,41.89553,-87.68772,60622,25.0
1537,2015-2016,41.92479,-87.72591,60647,23.0
1538,2014-2015,41.98279724,-87.65989828,60640,76.0
1539,2014-2015,41.728499,-87.551399,60617,42.0
1540,2014-2015,41.8275839,-87.68245444,60609,56.0
1541,2014-2015,41.86681,-87.65684,60608,29.0
1542,2015-2016,41.8806,-87.62576,60603,38.0
1543,2015-2016,41.9535544,-87.74505529999999,60641,15.0
1544,2014-2015,41.92440408,-87.76651736,60639,19.0
1545,2014-2015,41.99598031,-87.78803379,60646,36.0
1546,2014-2015,41.97557894,-87.69269313,60625,6.0
1547,2014-2015,41.93987951,-87.6625923,60657,57.0
1548,2015-2016,41.9660114,-87.8368312,60656,75.0
1549,2014-2015,41.837709999999994,-87.64539,60608,58.0
1550,2015-2016,41.88585,-87.62034,60601,38.0
1551,2014-2015,41.684876700000004,-87.64340943,60643,50.0
1552,2014-2015,41.89627009,-87.66921829,60622,25.0
1553,2014-2015,41.917499,-87.70559899999999,60647,23.0
1554,2014-2015,41.79435485,-87.77052715,60638,53.0
1555,2014-2015,41.968999999999994,-87.67948,60625,6.0
1556,2014-2015,41.79526732,-87.62903945,60609,3.0
1557,2015-2016,41.926297,-87.7856948,60639,19.0
